taz_id,far_prcnt_estimate_q8,far_estimate_count,units_per_acre_q8,units_per_acre_estimate_count
1.0,2730.0758400000004,2,117.18811279999998,2
2.0,2044.6393600000001,5,476.7692304000001,5
3.0,832.582,16,300.0,16
4.0,1267.3297400000001,5,337.52380880000004,5
5.0,1281.3025000000002,18,539.9999996,18
6.0,841.7508,93,354.2657336,93
7.0,1246.2285000000002,91,512.5,91
8.0,1278.60394,90,484.00000000000006,90
9.0,1071.1869800000002,123,411.13636360000004,123
10.0,688.7052000000001,112,275.0,112
11.0,1093.7281200000004,104,398.6666660000002,104
12.0,958.12098,7,371.9827584000001,7
13.0,3299.22596,5,1437.142857,5
14.0,1705.0671600000005,4,712.7272724000003,4
15.0,520.6610999999999,1,92.19653100000001,1
16.0,1344.2804200000005,49,509.37600260000005,49
17.0,610.64628,79,246.66666640000003,79
18.0,589.0342,62,244.444444,62
19.0,557.08596,78,226.1538458,78
20.0,331.5988,251,133.333333,251
21.0,636.51274,99,275.76923039999997,99
22.0,499.2277199999999,10,183.4101376,10
23.0,1013.5215400000002,10,296.34146320000013,10
24.0,893.59848,35,274.18181760000004,35
25.0,784.2312,96,280.0,96
26.0,691.1052400000001,55,258.44155820000003,55
27.0,503.77816000000007,159,187.79220700000002,159
28.0,459.1368,261,200.0,261
29.0,612.1824,161,258.333333,161
30.0,845.2826399999999,148,335.824175,148
31.0,749.92344,100,321.0,100
32.0,459.1368,267,200.0,267
33.0,321.3957,387,139.50000000000003,387
34.0,267.8298,494,112.5,494
35.0,306.0912,523,133.333333,523
36.0,476.50739999999996,281,177.77777700000001,281
37.0,413.2231,301,166.666666,301
38.0,286.9605,634,116.66666599999999,634
39.0,229.5684,528,100.0,528
40.0,275.482,403,109.09090900000001,403
41.0,309.9173,161,130.76923,161
42.0,204.67270000000002,17,89.155438,17
43.0,155.2319600000005,820,66.666666,820
44.0,229.5684,817,85.714285,817
45.0,211.9093,607,80.0,607
46.0,306.0912,393,133.333333,393
47.0,255.35650000000004,306,86.666666,306
48.0,179.51224000000002,597,71.42857099999999,597
49.0,86.08809999999998,781,36.363636,781
50.0,153.0456,866,55.555555000000005,866
51.0,114.7842,645,50.0,645
52.0,183.65470000000002,16,80.0,16
53.0,289.25612,10,126.0,10
54.0,91.8273,1553,33.333333,1553
55.0,76.5228,911,33.333333,911
56.0,76.5228,46,33.333333,46
57.0,38.2614,802,16.666666,802
58.0,131.1819,841,57.14285699999999,841
59.0,91.8273,1749,36.42857100000016,1749
60.0,76.5228,856,33.333333,856
61.0,131.1819,859,50.0,859
62.0,131.1819,1294,57.14285699999999,1294
63.0,91.8273,1138,40.0,1138
64.0,114.7842,1268,42.857141999999996,1268
65.0,145.39329999999998,896,57.14285699999999,896
66.0,137.741,716,57.14285699999999,716
67.0,131.18190000000004,822,56.825396600000104,822
68.0,131.1819,569,50.0,569
69.0,114.7842,993,50.0,993
70.0,114.7842,1033,50.0,1033
71.0,102.03040000000001,920,37.5,920
72.0,163.7768,356,62.5,356
73.0,229.5684,401,87.5,401
74.0,262.6921000000001,134,100.0,134
75.0,553.4616600000003,69,215.2981966,69
76.0,672.2582000000002,35,269.4736836,35
77.0,626.5363600000001,63,260.9282414,63
78.0,408.8503800000001,68,178.09523740000003,68
79.0,475.2527400000002,182,190.727272,182
80.0,229.5684,399,100.0,399
81.0,255.076,621,100.0,621
82.0,172.17630000000003,475,66.666666,475
83.0,114.7842,935,50.0,935
84.0,172.17630000000003,668,66.666666,668
85.0,229.5684,376,100.0,376
86.0,229.5684,538,90.38461520000011,538
87.0,172.17630000000003,651,66.666666,651
88.0,196.7729,613,80.0,613
89.0,131.1819,1437,56.82539659999992,1437
90.0,172.17630000000003,674,71.42857099999999,674
91.0,57.3921,1104,25.0,1104
92.0,32.7954,919,14.285714000000002,919
93.0,114.7842,1520,50.0,1520
94.0,131.1819,594,50.0,594
95.0,76.5228,837,33.333333,837
96.0,76.5228,732,33.333333,732
97.0,114.7842,831,50.0,831
98.0,114.7842,987,50.0,987
99.0,183.65470000000002,563,75.0,563
100.0,262.3638,421,100.0,421
101.0,254.42704000000003,559,100.0,559
102.0,191.30700000000002,758,77.72575180000003,758
103.0,114.7842,1086,50.0,1087
104.0,197.2101600000001,415,83.333333,415
105.0,262.3638,516,100.0,516
106.0,459.1368,286,180.0,286
107.0,347.5320800000001,210,121.00000000000009,210
108.0,595.7299600000001,20,258.8315216,20
109.0,424.18906,37,153.37245620000002,37
110.0,356.39164000000005,47,147.52293560000004,47
111.0,229.5684,156,95.238095,156
112.0,114.7842,490,50.0,490
113.0,114.7842,895,50.0,895
114.0,85.56636000000017,792,33.333333,792
115.0,137.741,268,50.0,268
116.0,183.65470000000002,506,75.0,506
117.0,146.92372000000015,568,60.0,568
118.0,172.17630000000003,397,66.666666,397
119.0,137.741,382,50.0,382
120.0,114.7842,509,50.0,509
121.0,57.3921,1062,25.0,1062
122.0,91.8273,1555,40.0,1555
123.0,114.7842,892,50.0,892
124.0,98.3864,768,40.0,768
125.0,57.3921,895,25.0,895
126.0,76.5228,932,33.333333,932
127.0,86.0881,1213,33.333333,1213
128.0,114.7842,1181,50.0,1181
129.0,57.3921,946,25.0,946
130.0,45.9136,1183,20.0,1183
131.0,38.2614,2644,16.666666,2644
132.0,32.7954,1133,14.285714000000002,1133
133.0,57.3921,1903,25.0,1903
134.0,76.5228,1956,28.571428000000004,1956
135.0,76.5228,1064,33.333333,1064
136.0,57.3921,883,25.0,883
137.0,57.3921,1422,25.0,1422
138.0,57.3921,2037,25.0,2037
139.0,57.3921,1163,25.0,1163
140.0,57.3921,1033,25.0,1033
141.0,146.92376000000036,425,60.0,425
142.0,212.31854,65,92.48598980000001,65
143.0,65.59089999999999,296,28.571428000000004,296
144.0,70.03156000000001,484,30.50576680000001,484
145.0,133.47,91,55.882352000000004,91
146.0,280.8836400000001,18,122.35294060000005,18
147.0,57.3921,1095,25.0,1095
148.0,45.9136,625,20.0,625
149.0,114.7842,697,48.571428400000485,697
150.0,153.0456,553,66.666666,553
151.0,65.59089999999999,401,28.571428000000004,401
152.0,57.3921,1240,25.0,1240
153.0,57.3921,1025,25.0,1025
154.0,76.5228,803,33.333333,803
155.0,76.5228,813,33.333333,813
156.0,76.5228,456,33.333333,456
157.0,91.8273,227,40.0,227
158.0,91.82730000000001,123,40.0,123
159.0,57.3921,992,25.0,992
160.0,57.3921,1113,25.0,1113
161.0,76.5228,896,33.333333,896
162.0,76.5228,971,33.333333,971
163.0,57.3921,932,25.0,932
164.0,57.3921,1572,25.0,1572
165.0,72.6584,1396,25.0,1396
166.0,76.5228,1951,33.333333,1951
167.0,57.3921,1547,25.0,1547
168.0,76.5228,2465,33.333333,2465
169.0,28.695999999999998,2392,12.5,2392
170.0,38.2614,1922,16.666666,1922
171.0,32.7954,879,14.285714000000002,879
172.0,38.2614,1748,16.666666,1748
173.0,45.9136,1240,20.0,1240
174.0,65.5909,1715,28.571428000000004,1715
175.0,153.0456,789,57.14285699999999,789
176.0,131.1819,730,50.0,730
177.0,91.8273,2104,35.0,2104
178.0,57.3921,1934,25.0,1934
179.0,57.3921,2251,25.0,2251
180.0,114.7842,900,50.0,900
181.0,57.3921,1518,25.0,1518
182.0,57.3921,1957,25.0,1957
183.0,57.3921,2105,25.0,2105
184.0,57.3921,2810,25.0,2810
185.0,57.3921,2336,25.0,2336
186.0,45.9136,2430,20.0,2430
187.0,38.2614,1451,16.666666,1451
188.0,227.30538000000004,8,83.09090880000001,8
189.0,367.0725,32,159.896791,32
190.0,76.5228,144,33.333333,144
191.0,28.695999999999998,1398,12.5,1398
192.0,134.26854000000006,277,58.487394600000016,277
193.0,20.869799999999998,1460,9.090909,1460
194.0,32.7954,1451,14.285714000000002,1451
195.0,28.695999999999998,1792,12.5,1792
196.0,28.695999999999998,2002,12.5,2002
197.0,28.695999999999998,1153,12.5,1153
198.0,57.3921,267,25.0,267
199.0,187.83446000000004,50,81.82072740000001,50
200.0,98.38640000000001,262,42.857141999999996,262
201.0,114.7842,939,50.0,939
202.0,57.3921,1465,25.0,1465
203.0,76.5228,1043,33.333333,1043
204.0,76.5228,1442,33.333333,1442
205.0,65.59089999999999,1572,28.571428000000004,1572
206.0,32.7954,996,14.285714000000002,997
207.0,38.2614,873,16.666666,873
208.0,45.9136,1254,20.0,1254
209.0,28.695999999999998,2155,12.5,2155
210.0,76.5228,554,31.929824200000077,555
211.0,88.29549999999999,989,38.461538,989
212.0,32.7954,849,14.285714000000002,849
213.0,22.9568,1859,10.0,1859
214.0,22.9568,1978,10.0,1978
215.0,48.3301,964,21.052630999999998,964
216.0,22.9568,637,10.0,637
217.0,22.9568,1291,10.0,1291
218.0,57.3921,1044,25.0,1044
219.0,32.7954,1761,14.285714000000002,1761
220.0,25.507600000000004,1360,11.111111,1360
221.0,25.507600000000004,1250,11.111111,1250
222.0,22.9568,1050,10.0,1050
223.0,38.2614,1152,16.666666,1152
224.0,20.869799999999998,1160,9.090909,1160
225.0,20.869799999999998,1312,9.090909,1312
226.0,19.1307,2183,8.333333,2183
227.0,19.1307,1483,8.333333,1483
228.0,19.1307,15,8.333333,15
229.0,20.869799999999998,1505,9.090909,1505
230.0,65.59089999999999,1607,28.571428000000004,1608
231.0,20.869799999999998,1398,9.090909,1398
232.0,20.869799999999998,1698,9.090909,1698
233.0,20.869799999999998,1601,9.090909,1601
234.0,100.00314000000002,27,43.561403399999996,27
235.0,20.869799999999998,1146,9.090909,1146
236.0,38.2614,1538,16.666666,1538
237.0,83.4794,1318,36.363636,1318
238.0,38.2614,912,16.666666,912
240.0,62.6095,710,27.272727000000003,710
241.0,19.1307,1174,8.333333,1174
242.0,19.1307,922,8.333333,922
243.0,19.1307,919,8.333333,919
244.0,35.3182,1051,15.384615,1051
245.0,12.753800000000002,939,5.555555,939
246.0,16.3977,2095,7.142857000000001,2095
247.0,19.1307,1099,8.333333,1099
248.0,41.7397,717,18.181818,717
249.0,41.7397,1386,18.181818,1386
250.0,32.7954,1245,14.285714000000002,1245
251.0,100.89530000000005,667,43.95000000000002,667
252.0,4.7826,1982,2.083333,1982
253.0,13.504000000000001,811,5.882352,811
254.0,5.2174,1927,2.272727,1927
255.0,17.6591,1156,7.6923070000000004,1156
256.0,49.1932,693,21.428570999999998,693
257.0,76.5228,589,33.333333,589
258.0,83.4794,634,36.363636,634
259.0,62.6095,490,27.272727000000003,490
260.0,52.97729999999999,1136,23.076923,1136
261.0,20.869799999999998,975,9.090909,975
262.0,20.869799999999998,880,9.090909,880
263.0,20.869799999999998,745,9.090909,745
264.0,20.869799999999998,1024,9.090909,1024
265.0,153.0456,355,66.666666,355
266.0,57.3921,587,25.0,587
267.0,38.2614,1013,16.666666,1013
268.0,57.3921,735,25.0,735
269.0,19.1307,739,8.333333,739
270.0,45.9136,470,20.0,470
271.0,57.3921,918,25.0,918
272.0,19.1307,935,8.333333,935
273.0,32.7954,731,14.285714000000002,731
274.0,76.5228,616,33.333333,616
275.0,41.7397,880,18.181818,880
276.0,35.3182,319,15.384615,319
277.0,20.869799999999998,1390,9.090909,1390
278.0,62.6095,633,27.272727000000003,633
279.0,22.9568,1047,10.0,1047
280.0,41.7397,964,18.181818,964
281.0,38.2614,821,16.666666,821
282.0,19.1307,783,8.333333,783
283.0,19.1307,1302,8.333333,1302
284.0,84.28540000000008,559,36.363636,559
285.0,19.1307,1123,8.333333,1123
286.0,28.695999999999998,1986,12.5,1986
287.0,24.165,721,10.526314999999999,721
288.0,29.444620000000032,1163,12.826086800000013,1163
289.0,22.9568,2165,10.0,2165
290.0,28.695999999999998,983,12.5,983
291.0,32.7954,1055,14.285714000000002,1055
292.0,12.753800000000002,777,5.555555,777
293.0,20.869799999999998,1864,9.090909,1864
294.0,20.869799999999998,2156,9.090909,2156
295.0,20.869799999999998,1039,9.090909,1039
296.0,19.1307,2161,8.333333,2161
297.0,12.753800000000002,1116,5.555555,1119
298.0,8.5025,2324,3.703703,2324
299.0,2.6387,1214,1.136363,1214
300.0,6.106520000000016,1019,2.6315779999999998,1019
301.0,16.3977,1987,7.142857000000001,1987
302.0,12.753800000000002,1635,5.555555,1635
303.0,17.6591,1579,7.692307,1579
304.0,17.6591,1692,7.692307,1692
305.0,15.3045,705,6.666666,705
306.0,19.1307,967,8.333333,967
307.0,17.6591,1827,7.692307,1827
308.0,20.869799999999998,1319,9.090909,1319
309.0,38.2614,1696,16.666666,1696
310.0,20.869799999999998,622,9.090909,622
311.0,32.7954,801,14.285714000000002,801
312.0,45.9136,1520,20.0,1520
313.0,65.55850000000004,60,28.55731200000002,60
314.0,96.05621999999998,644,41.84210479999999,644
315.0,424.3537,142,184.848484,142
316.0,41.7397,441,18.181818,441
317.0,30.6091,1111,13.333332999999998,1111
318.0,20.869799999999998,958,9.090909,958
319.0,16.3977,1166,7.142857000000001,1166
320.0,38.2614,1307,16.666666,1307
321.0,16.3977,1036,7.142857000000001,1036
322.0,22.9568,1549,10.0,1549
323.0,57.3921,979,25.0,979
324.0,82.6446,331,36.0,331
325.0,53.185040000000036,1165,23.16742060000002,1165
326.0,94.5281,280,41.17647000000001,280
327.0,57.3921,709,25.0,709
328.0,20.869799999999998,1069,9.090909,1069
329.0,35.3182,762,14.285714000000002,762
330.0,32.7954,985,14.285714000000002,985
331.0,20.869799999999998,1141,9.090909,1141
332.0,20.869799999999998,820,9.090909,820
333.0,32.7954,1859,14.285714000000002,1859
334.0,22.9568,1232,10.0,1232
335.0,86.41710000000006,560,37.03996420000002,560
336.0,20.869799999999998,1185,9.090909,1185
337.0,9.5653,418,4.166666,418
338.0,19.1307,755,8.333333,755
339.0,5.4659,926,2.325581,926
340.0,57.3921,909,25.0,909
341.0,63.769,870,27.777777,870
342.0,2.9133400000000016,1500,1.265822,1500
343.0,12.753800000000002,812,5.555555,812
344.0,13.504000000000001,1209,5.882352,1209
345.0,19.1307,1463,8.333333,1464
346.0,57.3921,800,25.0,800
347.0,3.4010000000000007,2494,1.481481,2494
349.0,16.3977,254,7.142857000000001,254
350.0,8.8295,610,3.8461529999999997,610
351.0,35.3182,1023,15.384615,1023
352.0,93.57900000000001,1,40.763052,1
354.0,646.91964,2,281.798201,2
355.0,260.07,26,87.13692900000001,26
356.0,67.5201,1236,28.571428000000004,1236
357.0,17.941620000000064,1629,7.692307,1629
358.0,16.3977,1955,7.142857000000001,1955
359.0,17.6591,1255,7.6923070000000004,1255
360.0,17.6591,1541,7.6923070000000004,1541
361.0,19.1307,1638,8.333333,1638
362.0,24.165,1407,10.526314999999999,1407
363.0,16.3977,734,7.142857000000001,734
364.0,15.3045,631,6.666666,631
365.0,100.25592000000003,260,43.671496800000014,260
366.0,35.3182,801,15.384615,801
367.0,18.365399999999998,1545,7.753845600000014,1545
368.0,2.5852000000000013,1464,1.1235950000000001,1464
369.0,12.753800000000002,1500,5.555555,1500
370.0,15.3045,1211,6.666666,1211
371.0,12.0825,1025,5.263157,1025
372.0,229.5684,471,100.0,471
373.0,20.869799999999998,889,9.090909,889
374.0,153.0456,197,66.666666,197
375.0,239.23440000000014,227,100.0,227
376.0,114.7842,1111,50.0,1111
377.0,194.75466000000011,560,84.83516420000005,560
378.0,83.4794,505,33.333333,505
379.0,70.6364,708,30.76923,708
380.0,307.86328,73,134.105263,73
381.0,25.507600000000004,1435,11.111111,1435
382.0,27.008000000000003,752,11.764705000000001,752
383.0,16.3977,695,7.142857000000001,695
384.0,9.9812,1498,4.347826,1498
385.0,9.9812,966,4.347826,966
386.0,9.9812,1051,4.347826,1051
387.0,10.434899999999999,1228,4.545454,1228
388.0,10.434899999999999,2098,4.545454,2098
389.0,15.3045,1412,6.666666,1412
390.0,40.06188000000016,672,16.666666,672
391.0,105.31244000000004,688,45.77675460000001,688
392.0,229.5684,155,100.0,155
393.0,38.2614,717,16.666666,717
394.0,22.9568,1204,10.0,1204
395.0,335.523,218,146.153846,218
397.0,57.3921,272,25.0,272
398.0,132.95836000000003,242,57.91666640000002,242
399.0,191.81714000000002,9,83.5555552,9
400.0,133.87460000000019,600,58.3157888000001,600
401.0,196.87646,23,74.24644020000005,23
402.0,96.41868000000001,10,42.0,10
404.0,38.2614,361,16.666666,361
405.0,0.0262,1,0.011422,1
406.0,421.9246800000001,4,176.96766960000002,4
407.0,10.4448,1,4.549763,1
408.0,6.504700000000001,1,0.08244,1
409.0,12.753800000000002,12,5.555555,12
410.0,160.6978,227,70.0,227
411.0,209.72958,4,68.3018232,4
412.0,295.1593,171,125.0,171
413.0,382.614,769,166.666666,769
414.0,16.3977,738,7.142857000000001,738
415.0,76.5228,584,33.333333,584
416.0,114.7842,1305,44.28571360000032,1305
418.0,70.6364,97,30.76923,97
419.0,17.6591,668,7.6923070000000004,668
420.0,19.1307,731,8.333333,731
421.0,19.1307,86,8.333333,86
422.0,306.0912,523,125.0,523
423.0,32.7954,858,14.285714000000002,858
424.0,20.869799999999998,1393,9.090909,1393
425.0,50.85576000000002,522,22.152777600000004,522
426.0,91.8273,530,40.0,530
427.0,77.2268,62,33.640025,62
428.0,238.88106000000002,23,104.05660360000002,23
429.0,17.18818,7,7.487178800000001,7
430.0,21.36272,2,3.7601760000000004,2
431.0,20.79244,10,6.7391304000000005,10
432.0,86.08809999999998,43,37.5,43
433.0,67.5201,619,29.411764,619
434.0,25.507600000000004,29,11.111111,29
435.0,76.5228,469,33.333333,469
436.0,30.6091,1104,13.333332999999998,1104
437.0,25.507600000000004,895,11.111111,895
438.0,57.3921,1218,25.0,1218
439.0,32.7954,716,14.285714000000002,716
440.0,86.5295800000001,755,37.69230760000004,755
441.0,82.28684000000007,605,35.714285,605
442.0,19.1307,1060,8.333333,1060
443.0,28.695999999999998,901,12.5,901
444.0,32.7954,1427,14.285714000000002,1427
445.0,35.3182,919,15.384615,919
446.0,71.74010000000001,938,31.25,938
447.0,32.7954,901,14.285714000000002,901
448.0,114.7842,500,50.0,500
449.0,172.17630000000003,762,75.0,762
450.0,62.60949999999998,802,27.272727000000003,802
451.0,30.6091,1590,13.333332999999996,1590
452.0,19.463380000000075,949,8.478260600000032,949
453.0,17.6591,1955,7.6923070000000004,1955
454.0,12.753800000000002,1386,5.555555,1386
455.0,12.753800000000002,930,5.555555,930
456.0,114.7842,1247,50.0,1247
457.0,17.6591,1350,7.6923070000000004,1350
458.0,16.3977,1033,7.142857000000001,1033
459.0,22.9568,2010,10.0,2010
460.0,22.9568,587,10.0,587
461.0,20.869799999999998,1398,9.090909,1398
462.0,27.008000000000003,1364,11.764705000000001,1364
463.0,22.9568,932,10.0,932
464.0,32.7954,1295,14.285714000000002,1295
465.0,21.863599999999998,1495,9.090909,1495
466.0,19.1307,1377,8.333333,1377
467.0,45.9136,675,20.0,675
468.0,42.97728000000002,952,17.647057999999998,952
469.0,229.5684,779,100.0,779
470.0,27.008000000000003,1597,11.764705000000001,1597
471.0,61.2182,688,26.666665999999996,688
472.0,81.98870000000001,541,35.714285,541
473.0,84.5778,754,36.842105,754
474.0,32.7954,875,14.285714000000002,875
475.0,17.6591,1079,7.692307,1079
476.0,16.3977,1867,7.142857000000001,1867
477.0,57.3921,1804,25.0,1804
478.0,76.5228,471,33.333333,471
479.0,19.1307,1886,8.333333,1886
480.0,16.3977,1113,7.142857000000001,1113
481.0,17.6591,1483,7.692307000000001,1483
482.0,16.3977,1437,7.142857000000001,1437
483.0,32.7954,994,14.285714000000002,994
484.0,27.008000000000003,1605,11.764705,1605
485.0,153.0456,1692,66.666666,1692
486.0,27.008000000000003,822,11.764705000000001,822
487.0,48.3301,794,21.052630999999998,794
488.0,38.2614,2074,16.666666,2074
489.0,17.6591,2036,7.6923070000000004,2036
490.0,17.6591,1265,7.6923070000000004,1265
491.0,19.796060000000057,802,8.623188200000024,802
492.0,17.6591,1599,7.692307,1599
493.0,9.9812,1903,4.347826,1903
494.0,9.182699999999999,1945,4.0,1945
495.0,8.1988,1924,3.571428,1924
496.0,5.2174,893,2.272727,893
497.0,9.9812,2129,4.347826,2129
498.0,12.0825,1322,5.263157,1322
499.0,17.6591,2300,7.6923070000000004,2300
500.0,17.6591,1213,7.6923070000000004,1213
501.0,16.3977,1358,7.142857000000001,1358
502.0,30.6091,993,13.333332999999998,993
503.0,137.741,956,60.0,956
504.0,153.0456,823,66.666666,823
505.0,30.6091,1454,13.333332999999998,1454
506.0,114.7842,954,50.0,954
507.0,51.01520000000001,1580,22.222222,1580
508.0,61.2182,586,26.666665999999996,586
509.0,40.042320000000025,655,16.811593600000034,655
510.0,9.5653,955,4.166666,955
511.0,20.869799999999998,1855,8.695652,1855
512.0,12.082500000000001,1368,5.263157,1368
513.0,12.753800000000002,994,5.555555,994
514.0,15.3045,2332,6.666666000000001,2332
515.0,16.3977,1918,7.142857000000001,1918
516.0,16.3977,1314,7.142857000000001,1314
517.0,16.3977,1606,7.142857000000001,1606
518.0,16.3977,1672,7.142857000000001,1672
519.0,32.7954,2120,14.285714000000002,2120
520.0,16.3977,1311,7.142857000000001,1311
521.0,41.7397,1245,17.754010000000022,1245
522.0,17.6591,1730,7.6923070000000004,1730
523.0,19.1307,2331,8.333333,2331
524.0,16.3977,1901,7.142857000000001,1901
525.0,16.3977,1589,7.142857000000001,1589
526.0,17.6591,2279,7.692307,2279
527.0,22.9568,2385,10.0,2385
528.0,21.8636,1534,9.090909,1534
529.0,24.165,1006,10.0,1006
530.0,52.81676000000005,1112,22.222222,1112
531.0,114.7842,760,50.0,760
532.0,286.9605,516,125.0,516
533.0,43.044,937,18.75,937
534.0,17.6591,1104,7.692307,1104
535.0,47.8267,1210,20.0,1210
536.0,39.924899999999994,613,17.391304,613
537.0,194.2501,364,84.61538399999999,364
538.0,114.7842,459,50.0,459
539.0,34.79766000000001,123,13.83458600000001,123
540.0,45.9136,978,19.50000000000003,978
541.0,20.869799999999998,1605,9.090909,1605
542.0,32.7954,561,13.333332999999998,561
543.0,68.8705,640,30.0,640
544.0,45.9136,1144,20.0,1144
545.0,52.97729999999999,558,22.73504260000002,558
546.0,153.0456,745,61.333333200000304,745
547.0,38.2614,1059,16.666666,1059
548.0,35.3182,1586,15.384615,1586
549.0,137.741,607,59.764705800000016,607
550.0,32.7954,902,14.285714000000002,902
551.0,153.0456,824,66.666666,824
552.0,52.97729999999999,479,23.076923,479
553.0,38.2614,708,16.666666,708
554.0,41.7397,690,16.666666,690
555.0,98.3864,836,42.857141999999996,836
556.0,180.37509999999997,104,73.333333,104
557.0,337.15942,123,145.454545,123
558.0,317.8639,268,137.5,268
559.0,28.695999999999998,1362,12.5,1362
560.0,57.3921,667,25.0,667
561.0,70.6364,501,30.0,501
562.0,57.3921,659,25.0,659
563.0,189.0563,611,82.352941,611
564.0,57.3921,1166,25.0,1166
565.0,306.0912,353,133.333333,353
566.0,153.0456,904,66.666666,904
567.0,62.6095,501,27.272727000000003,501
568.0,35.3182,1114,15.384615,1114
569.0,114.7842,727,50.0,727
570.0,20.869799999999998,533,9.090909,533
571.0,19.1307,820,8.333333,820
572.0,20.869799999999998,869,9.090909,869
573.0,17.6591,1024,7.692307,1024
574.0,52.97729999999999,423,23.076923,423
575.0,16.3977,962,7.142857000000001,962
576.0,17.6591,1111,7.6923070000000004,1111
577.0,28.695999999999998,1047,12.5,1047
578.0,57.3921,691,25.0,691
579.0,68.8705,305,30.0,305
580.0,91.8273,289,40.0,289
581.0,20.869799999999998,580,9.090909,580
582.0,41.7397,758,18.181818,758
583.0,22.9568,1114,10.0,1114
584.0,19.1307,723,8.333333,723
585.0,19.1307,886,8.333333,886
586.0,20.869799999999998,1097,9.090909,1097
587.0,19.1307,327,8.333333,327
588.0,19.1307,937,8.333333,937
589.0,38.2614,869,16.666666,869
590.0,28.695999999999998,597,12.5,597
591.0,45.9136,1092,20.0,1092
592.0,76.5228,723,33.333333,723
593.0,45.9136,502,20.0,502
594.0,32.7954,620,14.285714000000002,620
595.0,153.0456,351,66.666666,351
596.0,30.6091,515,13.333332999999996,515
597.0,28.695999999999998,468,12.5,468
598.0,65.59089999999999,1573,28.571428000000004,1573
599.0,32.7954,1237,14.285714000000002,1237
600.0,19.1307,1195,8.333333,1195
601.0,57.3921,1466,25.0,1466
602.0,276.64808,15,115.4841266,15
603.0,194.57694,5,64.10361259999999,5
604.0,32.7954,111,14.285714000000002,111
605.0,70.6364,1301,30.76923,1301
606.0,32.7954,990,14.285714000000002,990
607.0,76.5228,417,33.333333,417
608.0,57.3921,111,25.0,111
609.0,20.869799999999998,1487,9.090909,1487
610.0,76.5228,484,33.333333,484
611.0,17.6591,1343,7.692307000000001,1343
612.0,91.8273,479,40.0,480
613.0,17.6591,815,7.6923070000000004,815
614.0,17.6591,1261,7.6923070000000004,1261
615.0,17.6591,1161,7.6923070000000004,1161
616.0,22.9568,695,10.0,695
617.0,17.6591,782,7.6923070000000004,782
618.0,16.3977,739,7.142857000000001,739
619.0,25.507600000000004,1527,11.111111,1527
620.0,28.695999999999998,873,12.5,873
621.0,32.7954,991,14.285714000000002,991
622.0,17.6591,1375,7.6923070000000004,1375
623.0,17.6591,1575,7.6923070000000004,1575
624.0,16.3977,868,7.142857000000001,868
625.0,17.6591,1176,7.6923070000000004,1176
626.0,17.6591,1292,7.6923070000000004,1292
627.0,25.507600000000004,1297,11.111111,1297
628.0,15.3045,1320,6.666666,1320
629.0,13.504000000000001,1469,5.882352,1469
630.0,20.869799999999998,1765,9.090909,1765
631.0,28.695999999999998,1039,12.5,1039
632.0,22.9568,890,10.0,890
633.0,25.507600000000004,1693,11.111111,1693
634.0,38.2614,983,16.666666,983
635.0,20.869799999999998,894,9.090909,894
636.0,20.869799999999998,1230,9.090909,1230
637.0,11.4784,1480,5.0,1480
638.0,20.869799999999998,1149,9.090909,1149
639.0,20.869799999999998,1017,9.090909,1017
640.0,25.507600000000004,831,11.111111,831
641.0,19.1307,850,8.333333,850
642.0,45.9136,935,20.0,935
643.0,16.3977,997,7.142857000000001,997
644.0,17.6591,1075,7.6923070000000004,1075
645.0,16.3977,1212,7.142857000000001,1212
646.0,17.6591,886,7.6923070000000004,886
647.0,12.0825,1285,5.263157,1285
648.0,22.9568,1714,10.0,1714
649.0,20.869799999999998,1072,9.090909,1072
650.0,32.7954,1312,14.285714000000002,1312
651.0,57.3921,1458,25.0,1458
652.0,20.869799999999998,1279,9.090909,1279
653.0,20.869799999999998,2703,9.090909,2703
654.0,76.5228,3416,33.333333,3416
655.0,17.6591,3443,7.6923070000000004,3443
656.0,25.507600000000004,1743,11.111111,1743
657.0,25.507600000000004,1257,11.111111,1257
658.0,17.6591,1279,7.692307,1279
659.0,38.2614,891,16.666666,891
660.0,16.3977,1005,7.142857000000001,1005
661.0,17.6591,1572,7.692307,1572
662.0,17.6591,1347,7.6923070000000004,1347
663.0,16.3977,1005,7.142857000000001,1005
664.0,32.7954,1651,14.285714000000002,1651
665.0,20.869799999999998,1954,9.090909,1954
666.0,19.1307,471,8.333333,471
667.0,91.8273,673,40.0,673
668.0,25.507600000000004,1313,11.111111,1313
669.0,35.3182,1220,15.384615,1220
670.0,21.466080000000137,1748,9.090909,1748
671.0,32.7954,646,14.285714000000002,646
672.0,35.3182,1021,15.384615,1021
673.0,76.5228,762,33.333333,762
674.0,16.3977,1796,7.142857000000001,1796
675.0,16.3977,1559,7.142857000000001,1559
676.0,32.7954,1446,14.285714000000002,1446
677.0,28.695999999999998,668,12.5,668
678.0,22.9568,932,7.142857000000001,932
679.0,114.7842,1056,50.0,1056
680.0,16.3977,1989,7.142857000000001,1989
681.0,19.1307,1067,8.333333,1067
682.0,16.3977,1768,7.142857000000001,1768
683.0,16.3977,1339,7.142857000000001,1339
684.0,17.6591,2051,7.6923070000000004,2051
685.0,17.6591,1084,7.692307,1084
686.0,32.7954,1119,14.285714000000002,1119
687.0,53.185040000000036,810,23.076923,810
688.0,32.7954,2001,14.285714000000002,2001
689.0,12.753800000000002,1432,5.555555,1432
690.0,15.3045,1906,6.666666,1906
691.0,11.4784,1025,5.0,1025
692.0,45.9136,996,20.0,996
693.0,16.3977,1355,7.142857000000001,1355
694.0,15.3045,1715,6.666666,1715
695.0,16.3977,2562,7.142857000000001,2562
696.0,16.3977,1422,7.142857000000001,1422
697.0,4.773800000000003,298,2.0794842000000013,298
698.0,15.3045,2145,6.666666,2145
699.0,15.3045,1486,6.666666,1486
700.0,51.01520000000001,2078,22.222222,2078
701.0,21.068560000000048,1715,9.177489000000019,1715
702.0,34.107240000000296,1822,14.285714000000002,1822
703.0,16.3977,1138,7.142857000000001,1138
704.0,12.0825,1099,5.263157,1099
705.0,18.67152000000007,2464,8.0,2464
706.0,5.3805,301,2.34375,301
707.0,38.2614,1054,16.666666,1054
708.0,28.695999999999998,1970,12.5,1970
709.0,25.507600000000004,1148,11.111111,1148
710.0,25.507600000000004,1381,11.111111,1381
711.0,16.3977,2435,7.142857000000001,2435
712.0,4.637700000000001,939,1.9764704000000035,939
713.0,2.4953,1131,1.086956,1131
714.0,25.54824,24,11.016548199999999,27
715.0,25.507600000000004,1959,11.111111,2020
716.0,16.3977,1204,7.142857000000001,1245
717.0,17.6591,1648,8.333333,1657
718.0,21.863599999999998,1815,9.523809,1820
719.0,49.193200000000004,1383,21.428570999999998,1384
720.0,16.3977,1301,7.142857000000001,1309
721.0,25.507600000000004,1475,11.111111,1482
722.0,20.869799999999998,2106,9.090909,2106
723.0,20.869799999999998,1336,9.090909,1343
724.0,28.695999999999998,1695,12.5,1707
725.0,10.434899999999999,1370,4.545454,1375
726.0,16.3977,2601,7.142857000000001,2601
727.0,16.3977,1027,7.142857000000001,1027
728.0,16.3977,2262,7.142857000000001,2263
729.0,62.6095,1703,25.0,1956
730.0,57.3921,1127,25.0,1153
731.0,25.507600000000004,351,12.5,366
732.0,25.507600000000004,1461,11.111111,1461
733.0,15.3045,1773,6.666666,1775
734.0,15.3045,2206,6.666666,2206
735.0,11.4784,1156,5.263157,1213
736.0,38.2614,2217,16.666666,2222
737.0,16.3977,1532,7.142857000000001,1532
738.0,25.507600000000004,1689,11.111111,1693
739.0,51.01520000000001,767,22.222222,781
740.0,22.9568,1190,10.0,1191
741.0,13.504000000000001,1378,5.882352,1378
742.0,76.5228,1188,33.333333,1188
743.0,32.7954,2476,14.285714000000002,2478
744.0,24.165,1098,10.0,1107
745.0,25.507600000000004,1019,11.111111,1035
746.0,11.4784,2408,5.0,2422
747.0,9.182699999999999,1193,4.0,1193
748.0,16.3977,1224,7.142857000000001,1224
749.0,28.695999999999998,1023,12.5,1037
750.0,688.7052000000001,48,25.0,134
751.0,229.5684,21,100.0,21
752.0,57.85122000000001,35,20.29303940000001,35
753.0,15.3045,1438,6.666666,1438
754.0,16.0164,816,6.9607054000000055,817
755.0,28.695999999999998,2472,12.5,2474
756.0,16.3977,2086,7.142857000000001,2086
757.0,20.869799999999998,797,9.090909,797
758.0,30.6091,1221,13.333332999999996,1225
759.0,17.6591,1780,7.6923070000000004,1780
760.0,19.1307,1579,8.333333,1587
761.0,41.7397,1260,17.665957199999998,1297
762.0,28.695999999999998,616,12.5,617
763.0,76.5228,616,33.333333,620
764.0,17.6591,1612,7.6923070000000004,1615
765.0,17.6591,851,7.6923070000000004,851
766.0,14.347999999999999,850,6.25,850
767.0,27.008000000000003,1757,11.764705000000001,1767
768.0,20.869799999999998,1875,9.090909,1875
769.0,229.5684,365,100.0,381
770.0,20.869799999999998,1624,9.090909,1627
771.0,16.3977,2225,7.142857000000001,2227
772.0,20.869799999999998,998,9.090909,1003
773.0,27.008000000000003,1189,11.764705000000001,1191
774.0,38.2614,1057,16.666666,1086
775.0,16.3977,2073,7.142857000000001,2076
776.0,35.3182,1329,15.384615,1333
777.0,137.741,105,57.728394800000046,108
778.0,76.5228,846,33.333333,867
779.0,27.008000000000003,1494,11.764705,1495
780.0,14.347999999999999,1022,6.25,1026
781.0,20.869799999999998,1234,9.090909,1250
782.0,32.7954,1856,14.285714000000002,1868
783.0,20.869799999999998,439,9.090909,439
784.0,17.6591,1603,7.692307000000001,1603
785.0,19.1307,1347,8.333333,1347
786.0,17.6591,1336,7.6923070000000004,1336
787.0,22.9568,1545,10.0,1545
788.0,25.507600000000004,1626,11.111111,1626
789.0,30.6091,1226,13.333332999999998,1226
790.0,20.869799999999998,1846,9.090909,1851
791.0,76.5228,812,33.333333,813
792.0,16.3977,888,7.142857000000001,888
793.0,57.3921,1204,25.0,1204
794.0,22.9568,866,10.0,866
795.0,28.695999999999998,528,12.5,531
796.0,25.507600000000004,1575,11.111110999999998,1582
797.0,20.869799999999998,1395,10.0,1414
798.0,30.6091,543,14.397758800000027,590
799.0,32.7954,971,14.285714000000002,974
800.0,17.6591,1120,7.6923070000000004,1120
801.0,35.3182,1906,15.384615,2003
802.0,35.3182,1185,15.384615,1186
803.0,45.9136,309,20.0,327
804.0,20.869799999999998,894,9.090909,895
805.0,20.869799999999998,1874,9.090909,1877
806.0,28.695999999999998,1767,12.5,1774
807.0,20.869799999999998,789,9.090909,789
808.0,19.1307,924,8.333333,924
809.0,17.6591,524,7.692307000000001,524
810.0,20.869799999999998,1939,9.090909,1979
811.0,35.3182,1273,16.666666,1319
812.0,20.869799999999998,856,9.090909,861
813.0,20.869799999999998,634,9.090909,637
814.0,20.869799999999998,953,9.090909,953
815.0,38.2614,430,16.666666,433
816.0,20.869799999999998,607,9.090909,610
817.0,49.101060000000004,497,21.505376000000002,504
818.0,25.507600000000004,1196,11.111111,1206
819.0,28.695999999999998,399,12.5,405
820.0,20.869799999999998,2304,8.333333,2503
821.0,15.3045,1114,6.666666,1131
822.0,19.1307,849,8.333333,849
823.0,22.9568,1759,10.0,1762
824.0,27.008000000000003,534,11.764705000000001,537
825.0,25.507600000000004,1025,11.111111,1025
826.0,35.3182,410,15.384615,414
827.0,20.869799999999998,631,9.090909,633
828.0,41.7397,1049,18.12754380000002,1052
829.0,41.7397,734,18.181818,735
830.0,20.869799999999998,1087,9.090909,1088
831.0,41.784580000000005,300,18.2209184,304
832.0,20.869799999999998,1284,9.090909,1285
833.0,19.1307,1405,8.333333,1407
834.0,19.1307,1601,8.333333,1601
835.0,20.869799999999998,1576,9.090909,1576
836.0,19.1307,1123,8.333333,1127
837.0,32.7954,1430,14.285714000000002,1443
838.0,38.2614,726,16.666666,728
839.0,62.6095,502,27.272727000000003,507
840.0,22.9568,1213,10.0,1240
841.0,28.695999999999998,849,12.5,851
842.0,20.869799999999998,627,9.090909,629
843.0,19.1307,1409,8.333333,1409
844.0,40.512,2174,16.666666,2187
845.0,21.863599999999998,1952,9.523809,1952
846.0,20.869799999999998,1552,9.090909,1566
847.0,52.81676000000001,412,23.076923,416
848.0,44.87418000000002,497,18.75,504
849.0,19.1307,1290,8.333333,1291
850.0,16.3977,1362,7.142857000000001,1363
851.0,17.6591,799,7.692307,799
852.0,19.1307,1901,8.333333,1906
853.0,22.9568,1543,10.0,1546
854.0,48.229420000000005,472,21.353383,477
855.0,40.1744,806,17.413043200000004,810
856.0,32.7954,1530,14.285714000000002,1537
857.0,35.3182,658,15.384615,662
858.0,19.1307,1407,8.333333,1411
859.0,19.1307,1304,8.333333,1304
860.0,38.2614,1174,18.181818,1200
861.0,19.1307,2254,8.333333,2255
862.0,32.7954,1260,14.285714000000002,1262
863.0,22.9568,1019,10.0,1025
864.0,65.59089999999999,818,28.571428000000004,826
865.0,19.1307,1309,8.333333,1313
866.0,16.3977,1443,7.142857000000001,1443
867.0,22.9568,839,10.0,842
868.0,22.9568,1241,10.0,1241
869.0,30.6091,931,13.333332999999998,932
870.0,38.2614,1288,16.666666,1288
871.0,57.3921,950,26.666665999999996,961
872.0,20.869799999999998,2000,9.090909,2000
873.0,20.869799999999998,1186,9.090909,1188
875.0,25.507600000000004,966,11.111111,966
876.0,25.507600000000004,593,11.111111,593
877.0,28.695999999999998,773,12.5,784
878.0,41.7397,1192,18.181818,1196
879.0,45.9136,915,20.0,927
880.0,51.01520000000001,676,22.222222,677
881.0,38.2614,869,16.666666,870
882.0,32.7954,808,14.285714000000002,815
883.0,17.6591,1208,7.6923070000000004,1208
884.0,16.3977,1376,7.142857000000001,1377
885.0,17.6591,2026,8.26666640000006,2112
886.0,22.9568,1583,10.0,1583
887.0,25.507600000000004,1013,10.921985400000011,1013
888.0,51.01520000000001,974,22.222222,976
889.0,51.01520000000001,916,22.222222,916
890.0,41.7397,1256,18.181818,1256
891.0,51.01520000000001,995,22.222222,996
892.0,51.01520000000001,861,22.222222,862
893.0,45.9136,656,20.0,671
894.0,57.3921,610,25.0,616
895.0,90.80702000000005,873,37.5,873
896.0,124.62280000000001,496,53.846153,497
897.0,65.59089999999999,609,28.571428000000004,609
898.0,65.59089999999999,658,28.571428000000004,659
899.0,38.2614,1700,16.666666,1701
900.0,51.01520000000001,1284,22.222222,1285
901.0,38.2614,1168,16.666666,1173
902.0,28.695999999999998,714,12.5,715
903.0,28.695999999999998,1629,12.5,1630
904.0,45.9136,1431,20.0,1434
905.0,45.9136,1506,20.0,1506
906.0,57.3921,1254,25.0,1255
907.0,25.507600000000004,1006,11.111111,1008
908.0,38.2614,1054,16.666666,1059
909.0,32.7954,1227,14.285714000000002,1227
910.0,25.507600000000004,1877,11.111110999999998,1882
911.0,19.1307,960,8.333333,960
912.0,16.3977,1905,7.142857000000001,1906
913.0,16.3977,2506,7.142857000000001,2510
914.0,16.3977,2185,7.142857000000001,2196
915.0,25.507600000000004,1303,11.111111,1308
916.0,22.9568,1245,10.0,1248
917.0,25.507600000000004,1715,11.111111,1718
918.0,19.1307,2151,8.333333,2151
919.0,15.3045,706,6.666666,706
920.0,19.1307,833,8.333333,835
921.0,35.3182,716,15.384615,728
922.0,45.9136,1350,20.0,1356
923.0,52.97729999999999,1393,23.529411,1399
924.0,57.3921,1004,25.0,1005
925.0,76.5228,822,33.333333,823
926.0,229.5684,553,100.0,568
927.0,83.4794,372,36.363636,372
928.0,76.5228,526,33.333333,528
929.0,53.185040000000036,710,23.076923,710
930.0,51.01520000000001,507,22.222222,507
931.0,57.3921,648,25.0,648
932.0,56.71688000000024,802,24.117646600000135,804
933.0,76.5228,1038,33.333333,1040
934.0,121.53620000000001,748,50.0,755
935.0,76.5228,578,33.333333,584
936.0,71.93140000000005,565,30.76923,572
937.0,32.7954,1096,14.285714000000002,1106
938.0,20.869799999999998,1573,9.090909,1573
939.0,68.8705,814,29.411764,821
940.0,114.7842,498,50.0,518
941.0,200.31688,314,87.0406728,333
942.0,262.55672000000004,240,112.5,257
943.0,81.98870000000001,976,35.714285,990
944.0,229.5684,310,100.0,321
945.0,544.4597,83,228.8,94
946.0,382.61400000000003,176,166.666666,185
947.0,265.64340000000016,283,107.692307,290
948.0,57.3921,952,25.0,953
949.0,28.695999999999998,1243,12.5,1244
950.0,45.9136,1224,20.0,1226
951.0,43.044,1731,18.181818,1737
952.0,91.8273,1799,40.0,1799
953.0,91.8273,1168,40.0,1189
954.0,78.79042000000004,578,33.333333,587
955.0,91.8273,371,38.729096400000024,379
956.0,57.3921,1019,25.0,1026
957.0,20.869799999999998,490,9.090909,495
958.0,21.8636,481,10.0,491
959.0,49.1932,1013,21.552794600000027,1014
960.0,68.8705,896,30.0,930
961.0,98.38640000000001,330,41.90476119999998,330
962.0,91.8273,272,40.0,273
963.0,41.7397,829,18.181818,830
964.0,27.0781,1,11.795233999999999,1
965.0,91.8273,186,40.0,188
966.0,127.45342,12,55.8794384,13
967.0,445.6327600000001,18,184.1176466,19
968.0,1546.2928800000002,37,632.8695652000001,42
969.0,571.95324,54,226.262626,67
970.0,1059.84078,89,457.14285700000005,96
971.0,652.7476200000001,34,243.15151480000003,34
972.0,131.1819,532,55.555555000000005,558
973.0,144.00194000000005,310,63.40909040000002,322
974.0,119.61716000000042,822,52.631578000000005,841
975.0,73.37072000000023,732,30.76923,736
976.0,102.03040000000001,609,44.444444,611
977.0,70.6364,1393,30.76923,1398
978.0,102.03040000000001,729,44.444444,735
979.0,382.61400000000003,204,166.2121204,214
980.0,57.3921,241,25.0,243
981.0,229.5684,60,100.0,62
982.0,83.4794,186,36.363636,186
983.0,68.8705,384,30.0,385
984.0,57.3921,94,25.0,95
985.0,256.27626000000004,99,109.83193260000002,99
986.0,98.3864,346,42.857141999999996,348
987.0,91.8273,400,40.0,401
988.0,76.5228,429,33.333333,437
989.0,114.7842,333,50.0,337
990.0,102.03040000000001,488,42.857141999999996,508
991.0,326.6429800000001,387,133.333333,461
992.0,62.6095,649,27.272727000000003,651
993.0,57.3921,825,28.571428000000004,867
994.0,57.3921,501,25.0,505
995.0,76.5228,584,32.473117800000054,590
996.0,57.3921,1017,25.0,1019
997.0,57.3921,482,25.0,489
998.0,51.01520000000001,1355,22.222222,1358
999.0,38.2614,700,16.666666,703
1000.0,57.3921,1006,25.0,1012
1001.0,57.3921,903,25.0,907
1002.0,76.5228,342,33.333333,347
1003.0,57.3921,368,25.0,371
1004.0,28.695999999999998,1050,12.5,1070
1005.0,45.9136,1389,20.0,1389
1006.0,57.3921,619,25.0,641
1007.0,87.3635,294,36.363636,301
1008.0,247.22749999999996,146,107.252747,150
1009.0,143.48020000000002,395,60.0,420
1010.0,65.59089999999999,558,28.571428000000004,574
1011.0,76.5228,505,33.333333,513
1012.0,57.3921,1012,25.0,1019
1013.0,51.01520000000001,1038,22.222222,1038
1014.0,86.08809999999998,242,33.333333,254
1015.0,65.59089999999999,497,28.571428000000004,501
1016.0,57.3921,939,25.0,941
1017.0,68.8705,944,30.0,961
1018.0,590.756,149,248.0769224000003,152
1019.0,57.3921,12,25.0,13
1020.0,114.7842,372,45.454545,409
1021.0,136.1205200000001,359,57.14285699999999,386
1022.0,57.3921,704,25.0,712
1023.0,45.9136,830,20.0,847
1024.0,57.3921,634,25.0,643
1025.0,38.2614,1271,17.1014488000001,1283
1026.0,32.7954,671,14.285714000000002,675
1027.0,65.59089999999999,607,28.571428000000004,625
1028.0,22.9568,1553,10.0,1564
1029.0,22.9568,1478,10.0,1481
1030.0,20.869799999999998,865,9.090909,865
1031.0,20.869799999999998,1506,9.090909,1506
1032.0,25.507600000000004,595,11.111111,595
1033.0,28.695999999999998,1512,12.5,1517
1034.0,32.7954,1127,14.285714000000002,1127
1035.0,32.7954,763,14.285714000000002,763
1036.0,41.7397,663,18.181818,671
1037.0,41.7397,681,18.181818,683
1039.0,45.9136,809,22.222222,827
1040.0,94.5281,232,41.17647,232
1041.0,38.2614,562,16.666666,564
1042.0,25.507600000000004,744,11.111111,744
1043.0,22.9568,1038,10.0,1041
1044.0,25.507600000000004,983,11.111111,983
1045.0,16.3977,1039,7.142857000000001,1040
1046.0,19.1307,898,8.333333,900
1047.0,28.695999999999998,740,12.5,741
1048.0,32.7954,768,14.285714000000002,769
1049.0,38.2614,1525,16.666666,1527
1050.0,32.7954,1356,14.285714000000002,1358
1051.0,38.2614,591,16.666666,593
1052.0,20.869799999999998,561,9.090909,561
1053.0,22.9568,1606,10.0,1609
1054.0,22.9568,1016,10.0,1016
1055.0,28.695999999999998,1592,12.5,1593
1056.0,32.7954,1250,14.285714000000002,1254
1057.0,65.59089999999999,727,28.571428000000004,732
1058.0,32.7954,1450,14.285714000000002,1454
1059.0,38.2614,774,16.666666,775
1060.0,38.2614,1418,16.666666,1419
1061.0,65.59089999999999,867,28.571428000000004,868
1062.0,38.2614,928,16.666666,935
1063.0,65.59089999999999,1048,28.571428000000004,1049
1064.0,25.507600000000004,820,11.111111,822
1065.0,28.695999999999998,2028,12.5,2031
1066.0,65.5909,560,28.31168780000002,562
1067.0,32.7954,1584,14.285714000000002,1588
1068.0,38.2614,1054,16.666666,1061
1069.0,38.2614,1786,16.666666,1786
1070.0,25.507600000000004,1067,11.111111,1068
1071.0,32.7954,1097,14.285714000000002,1099
1072.0,38.2614,1011,16.666666,1013
1073.0,19.1307,1182,8.333333,1182
1074.0,22.9568,1968,10.0,1971
1075.0,22.9568,668,10.0,668
1076.0,25.507600000000004,1138,11.111111,1140
1077.0,20.869799999999998,1276,9.090909,1277
1078.0,16.3977,1192,7.142857000000001,1193
1079.0,14.347999999999999,3205,6.25,3206
1080.0,16.3977,1623,7.142857000000001,1623
1081.0,19.1307,1131,8.333333,1131
1082.0,28.695999999999998,1335,11.799823600000009,1335
1083.0,38.2614,3719,16.666666,3722
1084.0,15.3045,2075,6.666666000000001,2077
1085.0,16.3977,1385,7.142857000000001,1385
1086.0,27.008000000000003,2065,11.764705,2065
1087.0,17.6591,1479,7.692307000000001,1488
1088.0,16.3977,1177,7.142857000000001,1177
1089.0,30.6091,1339,13.333332999999996,1342
1090.0,38.2614,898,17.058822800000087,904
1091.0,25.507600000000004,980,11.111111,984
1092.0,118.95816000000006,129,50.0,129
1093.0,45.9136,605,20.0,606
1094.0,25.507600000000004,2455,11.111111,2463
1095.0,19.1307,1088,8.333333,1089
1096.0,25.507600000000004,2368,11.111111,2374
1097.0,22.9568,1047,10.0,1050
1098.0,22.9568,1930,10.0,1930
1099.0,12.753800000000002,2209,5.555555,2211
1100.0,18.824580000000104,2533,8.0,2535
1101.0,9.9812,1282,4.347826,1285
1102.0,11.4784,302,5.0,307
1103.0,14.347999999999999,2542,6.25,2542
1104.0,19.1307,1293,8.333333,1293
1105.0,17.6591,434,7.692307000000001,434
1106.0,22.9568,1241,10.0,1242
1107.0,17.6591,1051,7.6923070000000004,1052
1108.0,13.504000000000001,1824,5.882352,1825
1109.0,15.3045,2396,6.666666,2396
1110.0,16.3977,1874,7.142857000000001,1878
1111.0,17.6591,1988,7.692307000000001,1988
1112.0,17.6591,1887,7.692307,1887
1113.0,292.59529999999995,144,120.689655,146
1114.0,101.28310000000009,192,44.11894940000004,192
1115.0,33.76,181,14.705882,181
1116.0,16.3977,1195,7.142857000000001,1196
1117.0,9.9812,935,4.347826,937
1118.0,20.869799999999998,1489,9.090909,1489
1119.0,19.1307,1947,8.333333,1948
1120.0,19.1307,1262,8.333333,1262
1121.0,43.31732000000006,1424,20.0,1431
1122.0,28.695999999999998,1012,11.764705000000001,1012
1123.0,28.695999999999998,991,12.5,994
1124.0,16.3977,1927,7.142857000000001,1928
1125.0,13.504000000000001,1550,5.882352,1550
1126.0,20.869799999999998,2181,9.090909,2181
1127.0,15.3045,2059,6.666666,2060
1128.0,14.347999999999999,1389,6.25,1389
1129.0,12.753800000000002,1699,5.555555,1701
1130.0,12.753800000000002,1275,5.555555,1275
1131.0,9.5653,2068,4.166666,2077
1132.0,7.2202800000000105,1640,3.125,1647
1133.0,13.504000000000001,2414,5.882352,2417
1134.0,15.3045,1424,6.666666,1426
1135.0,45.9136,963,20.0,963
1136.0,32.7954,455,14.285714000000002,459
1137.0,10.9318,1229,4.761904,1230
1138.0,12.0825,1914,5.263157,1916
1139.0,12.0825,1212,5.321636600000013,1215
1140.0,9.9812,1056,4.347826,1056
1141.0,12.753800000000002,1942,5.555555,1945
1142.0,9.5653,1326,4.166666,1326
1143.0,20.869799999999998,1176,9.090909,1178
1144.0,8.1988,1102,3.571428,1105
1145.0,121.03776000000002,350,50.0,350
1146.0,229.5684,63,100.0,63
1147.0,10.434899999999999,1886,4.545454,1890
1148.0,83.93476,193,36.5386298,195
1149.0,10.9318,1403,4.761904,1404
1150.0,12.753800000000002,1308,5.555555,1310
1151.0,9.5653,2043,4.166666,2043
1152.0,15.3045,1525,6.666666,1527
1153.0,6.376900000000001,1448,2.777777,1449
1154.0,6.2045,2342,2.702702,2348
1155.0,10.434899999999999,725,4.545454,728
1156.0,7.454760000000012,1260,3.333333,1266
1157.0,20.869799999999998,824,9.090909,828
1158.0,8.8295,1621,3.846153,1623
1159.0,6.752000000000001,722,2.941176,727
1160.0,9.9812,1687,4.347826,1687
1161.0,8.5025,3196,3.703703,3204
1162.0,7.405399999999999,314,3.225806,315
1163.0,13.504000000000001,1254,5.882352,1255
1164.0,5.947500000000014,2082,2.564102,2087
1165.0,7.1739999999999995,2448,3.030303,2463
1166.0,16.3977,3794,7.142857000000001,3794
1167.0,25.507600000000004,3823,11.111111,3825
1168.0,28.695999999999998,1909,12.5,1923
1169.0,17.6591,1791,7.6923070000000004,1791
1170.0,32.7954,1499,14.285714000000002,1499
1171.0,19.1307,2561,8.333333,2563
1172.0,14.347999999999999,1561,6.25,1561
1173.0,14.347999999999999,1381,6.25,1381
1174.0,17.6591,1546,7.6923070000000004,1546
1175.0,25.507600000000004,2585,11.111111,2588
1176.0,22.9568,10242,10.0,10248
1177.0,17.6591,6796,7.692307,6822
1178.0,19.1307,12168,8.333333,12175
1179.0,24.165,4738,10.526314999999999,4748
1180.0,22.9568,3820,10.0,3834
1181.0,15.3045,1177,8.333333,1618
1182.0,17.6591,2958,7.635327000000052,2962
1183.0,19.1307,929,8.333333,931
1184.0,17.6591,1376,7.6923070000000004,1376
1185.0,17.6591,4687,7.692307,4689
1186.0,19.1307,5161,8.333333,5161
1187.0,17.6591,2328,7.692307000000001,2328
1188.0,19.1307,2205,8.333333,2207
1189.0,38.2614,1233,16.666666,1236
1190.0,114.7842,332,50.0,332
1191.0,20.869799999999998,1322,9.090909,1325
1192.0,16.3977,1344,7.142857000000001,1344
1193.0,32.7954,1403,14.285714000000002,1404
1194.0,16.3977,1259,7.142857000000001,1260
1195.0,16.3977,4892,7.142857000000001,4892
1196.0,15.3045,2036,6.666666,2040
1197.0,17.800360000000033,590,7.6923070000000004,590
1198.0,25.507600000000004,833,11.111111,833
1199.0,25.507600000000004,1387,11.111111,1387
1200.0,19.1307,2366,8.26666640000006,2367
1201.0,16.3977,1295,7.142857000000001,1295
1202.0,19.1307,614,8.333333,614
1203.0,25.507600000000004,1261,11.111111,1261
1204.0,19.1307,507,8.333333,507
1205.0,38.2614,817,16.666666,817
1206.0,28.695999999999998,1375,12.5,1377
1207.0,20.869799999999998,1329,9.090909,1329
1208.0,20.869799999999998,1233,9.090909,1234
1209.0,32.7954,1074,14.285714000000002,1077
1210.0,20.869799999999998,1400,9.090909,1400
1211.0,22.9568,1216,11.111111,1245
1212.0,25.507600000000004,1146,12.5,1185
1213.0,16.3977,872,7.142857000000001,888
1214.0,15.3045,1011,6.666666,1013
1215.0,16.3977,1479,7.142857000000001,1488
1216.0,20.869799999999998,1093,9.090909,1101
1217.0,12.753800000000002,1596,5.263157,1596
1218.0,17.73758000000002,1264,9.090909,1330
1219.0,15.3045,1031,6.666666,1038
1220.0,20.869799999999998,2490,9.090909,2495
1221.0,17.6591,1517,7.692307,1552
1222.0,32.7954,425,16.666666,443
1223.0,28.695999999999998,615,14.973621000000009,662
1224.0,192.62503999999998,204,83.71296860000001,215
1225.0,51.01520000000001,695,22.222222,711
1226.0,32.7954,927,14.285714000000002,950
1227.0,20.869799999999998,1179,9.090909,1191
1228.0,17.6591,729,7.6923070000000004,764
1229.0,19.1307,1047,8.333333,1053
1230.0,16.3977,2007,7.142857000000001,2026
1231.0,19.1307,1105,8.333333,1121
1232.0,28.695999999999998,958,12.5,976
1233.0,16.3977,1184,7.142857000000001,1189
1234.0,45.9136,922,20.0,949
1235.0,54.016000000000005,586,23.076923,601
1236.0,28.695999999999998,832,12.903225,891
1237.0,32.7954,417,14.285714000000002,419
1238.0,25.507600000000004,268,11.111111,319
1239.0,17.6591,876,7.6923070000000004,876
1240.0,17.6591,1544,7.692307,1544
1241.0,50.70684000000002,189,23.076923,198
1242.0,17.6591,1786,7.6923070000000004,1796
1243.0,17.6591,1019,7.6923070000000004,1025
1244.0,17.6591,1602,7.6923070000000004,1625
1245.0,17.6591,1641,7.6923070000000004,1650
1246.0,22.9568,3057,10.0,3145
1247.0,20.869799999999998,3347,9.090909,3403
1248.0,25.507600000000004,3129,11.111111,3260
1249.0,21.863599999999998,1395,9.523809,1421
1250.0,17.6591,1144,7.6923070000000004,1166
1251.0,22.9568,1942,10.0,1963
1252.0,2.2683,2,0.9881074,2
1253.0,16.3977,1236,7.142857000000001,1236
1254.0,16.3977,1896,7.142857000000001,1897
1255.0,17.6591,1180,7.6923070000000004,1180
1256.0,16.3977,997,7.142857000000001,1019
1257.0,19.1307,1639,8.333333,1648
1258.0,16.3977,733,7.142857000000001,736
1259.0,17.6591,983,7.6923070000000004,988
1260.0,20.869799999999998,640,9.090909,640
1261.0,28.695999999999998,1183,12.5,1232
1262.0,63.769,343,27.777777,347
1263.0,19.1307,641,8.333333,641
1264.0,17.6591,723,7.6923070000000004,732
1265.0,18.896399999999993,714,10.78743340000002,722
1266.0,19.1307,1273,8.333333,1275
1267.0,16.3977,1183,7.142857000000001,1183
1268.0,17.6591,3313,8.0,3350
1269.0,16.3977,2441,9.090909,2644
1270.0,22.9568,4666,10.0,4946
1271.0,19.1307,4329,8.333333,4407
1273.0,22.9568,1063,11.503267400000016,1108
1274.0,16.3977,1232,7.142857000000001,1239
1275.0,17.6591,827,7.692307,829
1276.0,16.3977,865,7.142857000000001,866
1277.0,17.6591,1828,7.692307000000001,1828
1278.0,16.3977,1077,7.142857000000001,1080
1279.0,15.3045,1246,7.692307000000001,1458
1280.0,19.1307,3611,8.333333,3636
1281.0,17.6591,884,7.6923070000000004,888
1282.0,16.3977,3622,7.692307,3814
1283.0,19.1307,1335,8.333333,1347
1284.0,19.1307,1663,8.333333,1718
1285.0,12.753800000000002,1808,5.555555,1828
1286.0,0.8762000000000001,1525,0.380228,1586
1287.0,2.22708,308,1.042971,338
1288.0,15.3045,3227,6.666666,3239
1289.0,24.165000000000003,1783,11.111111,1808
1290.0,20.869799999999998,3399,9.090909,4280
1291.0,20.869799999999998,2164,9.090909,2164
1292.0,16.3977,2890,7.142857000000001,2890
1293.0,22.9568,1195,10.0,1195
1294.0,665.8181400000001,2,290.0224466,2
1295.0,22.9568,1945,10.0,1945
1296.0,17.6591,1379,7.692307,1379
1297.0,38.2614,1711,16.666666,1711
1298.0,40.512,410,16.666666,410
1299.0,45.9136,570,18.181818,570
1300.0,19.1307,581,8.333333,581
1301.0,28.695999999999998,950,11.111111,950
1302.0,19.1307,1757,8.333333,1757
1303.0,12.753800000000002,1165,5.555555,1165
1304.0,16.3977,1915,7.142857000000001,1915
1305.0,32.7954,1092,13.333332999999998,1092
1306.0,22.9568,2874,10.0,2874
1307.0,19.79128000000003,2049,8.333333,2049
1308.0,13.504000000000001,1575,5.882352,1576
1309.0,16.3977,1244,7.142857000000001,1248
1310.0,57.3921,682,25.0,682
1311.0,9.182699999999999,2898,4.0,2901
1312.0,9.182699999999999,784,4.0,784
1313.0,7.652200000000001,1355,3.2896170000000025,1355
1314.0,22.9568,1728,9.902438800000034,1728
1315.0,5.901600000000003,795,2.5,796
1316.0,2.9507600000000016,565,1.2690678000000009,565
1317.0,28.695999999999998,1164,11.764705000000001,1164
1318.0,11.038440000000024,1969,4.761904,1969
1319.0,27.008000000000003,2275,11.538461000000002,2275
1320.0,24.165000000000003,1748,10.526314999999999,1748
1321.0,20.869799999999998,1830,9.090909,1830
1322.0,16.3977,1925,7.142857000000001,1925
1323.0,30.6091,2715,13.333332999999998,2715
1324.0,4.414700000000001,871,1.851851,871
1325.0,25.507600000000004,2103,11.111111,2103
1326.0,16.3977,1704,7.142857000000001,1704
1327.0,22.9568,1546,10.0,1546
1328.0,3.7634,1126,1.612903,1126
1329.0,5.744740000000001,1060,2.5,1060
1330.0,19.1307,1193,8.333333,1193
1331.0,32.918400000000005,1198,14.285714000000002,1198
1332.0,45.9136,1302,20.0,1302
1333.0,16.3977,1144,7.142857000000001,1144
1334.0,16.3977,1528,7.142857000000001,1528
1335.0,17.6591,1957,7.692307,1957
1336.0,30.6091,3877,13.333332999999998,3877
1337.0,8.3479,1262,3.571428,1262
1338.0,32.7954,850,14.285714000000002,850
1339.0,19.1307,1489,8.333333,1489
1340.0,25.507600000000004,1451,11.111111,1451
1341.0,22.9568,1364,10.0,1364
1342.0,30.6091,882,13.333332999999998,882
1343.0,28.695999999999998,914,12.5,914
1344.0,16.3977,612,7.142857000000001,612
1345.0,54.42112,522,23.7058822,522
1346.0,21.8636,1014,9.523809,1014
1347.0,25.507600000000004,1536,11.111111,1536
1348.0,53.151700000000034,900,23.152896400000017,900
1349.0,38.2614,1564,16.666666,1564
1350.0,21.8636,1521,9.523809,1521
1351.0,16.3977,1269,7.142857000000001,1269
1352.0,12.0825,1432,5.263157,1432
1353.0,25.507600000000004,3057,11.111110999999998,3057
1354.0,13.504000000000001,3127,5.882352,3127
1355.0,22.9568,947,10.0,947
1356.0,38.2614,1543,16.666666,1543
1357.0,28.695999999999998,1006,12.5,1006
1358.0,24.165,1577,10.526314999999997,1577
1359.0,16.3977,1963,7.142857000000001,1963
1360.0,32.7954,786,13.333332999999998,786
1361.0,83.14548000000002,313,33.333333,313
1362.0,38.2614,987,16.666666,987
1363.0,32.7954,581,14.285714000000002,581
1364.0,30.6091,1069,13.333332999999998,1069
1365.0,14.347999999999999,1695,6.25,1695
1366.0,13.504000000000001,3508,5.882352,3508
1367.0,16.3977,1428,7.142857000000001,1428
1368.0,21.522,1178,9.375,1178
1369.0,20.869799999999998,1724,9.090909,1724
1370.0,28.695999999999998,2611,12.5,2611
1371.0,19.1307,1402,8.333333,1402
1372.0,22.9568,974,10.0,974
1373.0,35.3182,523,15.384615,523
1374.0,28.695999999999998,1197,12.5,1197
1375.0,28.695999999999998,1752,12.5,1752
1376.0,38.2614,1264,16.666666,1264
1377.0,32.7954,868,14.285714000000002,868
1378.0,25.919000000000004,1491,11.111111,1491
1379.0,22.9568,970,10.0,970
1380.0,25.507600000000004,1823,11.111111,1823
1381.0,28.695999999999998,2574,12.5,2574
1382.0,19.1307,2010,8.333333,2010
1383.0,5.8863,1771,2.5,1771
1384.0,19.1307,1948,8.333333,1948
1385.0,9.182699999999999,1249,4.0,1249
1386.0,17.6591,1199,7.692307,1199
1387.0,3.7634,1454,1.639344,1454
1388.0,2.989160000000002,1294,1.3020962000000007,1294
1389.0,16.3977,2419,7.142857000000001,2419
1390.0,20.869799999999998,2571,9.090909,2571
1391.0,22.9568,2263,10.0,2263
1392.0,18.365399999999998,1760,8.0,1760
1393.0,20.869799999999998,1681,9.090909,1681
1394.0,22.9568,2719,10.0,2719
1395.0,22.9568,1914,10.0,1914
1396.0,20.869799999999998,3471,9.090909,3471
1397.0,22.9568,2044,10.0,2044
1398.0,20.869799999999998,1428,9.090909,1428
1399.0,28.695999999999998,991,11.764705000000001,991
1400.0,5.1015,710,2.222222,710
1401.0,10.434899999999999,988,4.545454,988
1402.0,19.1307,3045,8.333333,3045
1403.0,9.9812,3962,4.347826,3962
1404.0,12.753800000000002,1104,5.555555,1104
1405.0,14.347999999999999,940,6.25,940
1406.0,10.434899999999999,693,4.545454,693
1407.0,32.7954,857,14.285714000000002,857
1408.0,56.93296000000042,1647,24.800000000000182,1647
1409.0,19.1307,2517,8.333333,2517
1410.0,57.3921,886,25.0,886
1411.0,13.504000000000001,1592,5.882352,1592
1412.0,16.3977,2671,7.142857000000001,2671
1413.0,28.695999999999998,954,12.5,954
1414.0,12.0825,2723,5.263157,2723
1415.0,18.365399999999998,1466,8.0,1466
1416.0,9.9812,1322,4.347826,1322
1417.0,12.753800000000002,136,5.555555,136
1418.0,12.0825,1717,5.263157,1717
1419.0,25.507600000000004,1015,11.111111,1015
1420.0,17.6591,2708,7.692307,2708
1421.0,15.3045,1715,6.666666,1715
1422.0,14.347999999999999,1987,6.25,1987
1423.0,13.504000000000001,1995,5.882352,1995
1424.0,48.50272000000001,155,21.127819,155
1425.0,20.869799999999998,1830,9.090909,1830
1426.0,12.753800000000002,2250,5.555555,2250
1427.0,22.9568,1764,10.0,1764
1428.0,51.74882000000007,578,21.614906400000006,578
1429.0,22.9568,1396,10.0,1396
1430.0,49.1932,1231,21.428570999999998,1231
1431.0,24.165,2319,10.526314999999999,2319
1432.0,22.9568,1523,10.0,1523
1433.0,25.507600000000004,1109,11.111111,1109
1434.0,20.869799999999998,2214,9.090909,2214
1435.0,11.4784,902,5.0,902
1436.0,14.347999999999999,1612,6.25,1612
1437.0,14.347999999999999,1485,6.25,1485
1438.0,17.6591,1330,7.6923070000000004,1330
1440.0,20.869799999999998,1989,9.090909,1989
1441.0,20.869799999999998,1632,9.090909,1632
1442.0,21.8636,2106,9.090909,2106
1443.0,16.3977,845,7.142857000000001,845
1444.0,15.3045,941,6.666666,941
1445.0,12.753800000000002,1546,5.555555,1546
1446.0,15.3045,1722,6.62365520000004,1722
1447.0,16.3977,801,7.142857000000001,801
1448.0,51.01520000000001,2051,22.222222,2051
1449.0,76.5228,226,33.333333,226
1450.0,17.6591,2342,7.692307,2342
1451.0,19.1307,1996,8.333333,1996
1452.0,20.869799999999998,1734,9.090909,1734
1453.0,17.6591,293,7.6923070000000004,293
1454.0,25.507600000000004,1632,11.111110999999998,1632
