taz_id,count,units_per_acre_q8
1.0,2,117.18811279999998
2.0,5,476.7692304000001
3.0,22,250.50000000000003
4.0,5,337.52380880000004
5.0,19,536.9230764
6.0,93,354.2657336
7.0,91,512.5
8.0,90,484.00000000000006
9.0,123,411.13636360000004
10.0,112,275.0
11.0,104,398.6666660000002
12.0,8,371.9827584000001
13.0,5,1437.142857
14.0,4,712.7272724000003
15.0,1,92.19653100000001
16.0,50,509.37600260000005
17.0,79,246.66666640000003
18.0,63,244.44444399999998
19.0,79,222.56410220000012
20.0,251,133.333333
21.0,99,275.76923039999997
22.0,10,183.4101376
23.0,10,296.34146320000013
24.0,38,272.525252
25.0,102,300.0
26.0,60,251.4285714
27.0,161,185.71428500000002
28.0,269,197.4999998
29.0,163,257.6086954
30.0,149,335.787545
31.0,100,321.0
32.0,267,200.0
33.0,394,140.0
34.0,501,112.5
35.0,533,133.333333
36.0,293,179.57894720000002
37.0,339,166.666666
38.0,669,116.66666599999999
39.0,549,100.0
40.0,415,109.09090900000001
41.0,170,133.333333
42.0,17,89.155438
43.0,823,66.666666
44.0,821,85.714285
45.0,613,80.0
46.0,395,133.333333
47.0,310,86.83333280000002
48.0,604,75.0
49.0,784,37.10526300000006
50.0,871,55.555555000000005
51.0,646,50.0
52.0,17,149.33333280000005
53.0,10,126.0
54.0,1558,37.5
55.0,914,33.333333
56.0,46,33.333333
57.0,806,16.666666
58.0,842,57.14285699999999
59.0,1750,37.5
60.0,856,33.333333
61.0,860,50.0
62.0,1295,57.14285699999999
63.0,1141,40.0
64.0,1270,42.857141999999996
65.0,901,57.14285699999999
66.0,717,57.14285699999999
67.0,824,57.14285699999999
68.0,569,50.0
69.0,996,50.0
70.0,1035,50.0
71.0,923,39.00000000000006
72.0,364,61.000000000000085
73.0,415,95.26557360000005
74.0,139,100.0
75.0,70,214.44521480000003
76.0,35,269.4736836
77.0,82,260.3720928
78.0,68,178.09523740000003
79.0,190,200.0
80.0,418,100.0
81.0,644,100.0
82.0,479,66.666666
83.0,938,50.0
84.0,670,66.666666
85.0,377,100.0
86.0,539,92.71794840000004
87.0,655,66.666666
88.0,616,80.0
89.0,1444,56.190475800000144
90.0,674,71.42857099999999
91.0,1174,33.333333
92.0,919,14.285714000000002
93.0,1539,50.0
94.0,598,50.0
95.0,844,33.333333
96.0,733,33.333333
97.0,837,50.0
98.0,991,50.0
99.0,565,75.0
100.0,427,100.0
101.0,561,100.0
102.0,762,80.0
103.0,1091,50.0
104.0,419,83.333333
105.0,520,100.0
106.0,287,180.0
107.0,214,116.57142840000002
108.0,20,258.8315216
109.0,38,153.37245620000002
110.0,48,147.52293560000004
111.0,156,95.238095
112.0,491,50.0
113.0,896,50.0
114.0,796,33.333333
115.0,271,50.0
116.0,510,75.0
117.0,576,60.0
118.0,403,69.69230760000002
119.0,388,50.0
120.0,510,50.0
121.0,1068,25.0
122.0,1579,40.0
123.0,903,50.0
124.0,778,40.0
125.0,901,25.0
126.0,936,33.333333
127.0,1228,33.333333
128.0,1185,50.0
129.0,978,25.0
130.0,1255,20.0
131.0,2645,16.666666
132.0,1133,14.285714000000002
133.0,1909,25.0
134.0,1959,28.571428000000004
135.0,1068,33.333333
136.0,884,25.0
137.0,1424,25.0
138.0,2040,25.0
139.0,1165,25.0
140.0,1034,25.0
141.0,427,65.33333280000008
142.0,65,92.48598980000001
143.0,297,28.571428000000004
144.0,537,33.333333
145.0,94,55.2561662
146.0,98,100.0
147.0,1097,25.0
148.0,626,20.0
149.0,701,50.0
150.0,555,66.666666
151.0,403,28.571428000000004
152.0,1240,25.0
153.0,1027,25.0
154.0,804,33.333333
155.0,814,33.333333
156.0,457,33.333333
157.0,227,40.0
158.0,123,40.0
159.0,992,25.0
160.0,1113,25.0
161.0,899,33.333333
162.0,974,33.333333
163.0,940,25.0
164.0,1582,25.0
165.0,1401,25.0
166.0,1954,33.333333
167.0,1550,25.0
168.0,2469,33.333333
169.0,2393,12.5
170.0,1923,16.666666
171.0,879,14.285714000000002
172.0,1749,16.666666
173.0,1241,20.0
174.0,1717,28.571428000000004
175.0,791,57.14285699999999
176.0,731,50.0
177.0,2113,40.0
178.0,1938,25.0
179.0,2254,25.0
180.0,900,50.0
181.0,1520,25.0
182.0,1959,25.0
183.0,2105,25.0
184.0,2810,25.0
185.0,2339,25.0
186.0,2430,20.0
187.0,1451,16.666666
188.0,8,83.09090880000001
189.0,33,168.41677100000004
190.0,147,33.333333
191.0,1398,12.5
192.0,277,58.487394600000016
193.0,1460,9.090909
194.0,1451,14.285714000000002
195.0,1792,12.5
196.0,2002,12.5
197.0,1153,12.5
198.0,267,25.0
199.0,50,81.82072740000001
200.0,262,42.857141999999996
201.0,939,50.0
202.0,1465,25.0
203.0,1043,33.333333
204.0,1449,33.333333
205.0,1573,28.571428000000004
206.0,997,14.285714000000002
207.0,873,16.666666
208.0,1255,20.0
209.0,2155,12.5
210.0,555,31.929824200000077
211.0,990,38.461538
212.0,849,14.285714000000002
213.0,1861,10.0
214.0,1978,10.0
215.0,964,21.052630999999998
216.0,637,10.0
217.0,1291,10.0
218.0,1049,25.0
219.0,1761,14.285714000000002
220.0,1360,11.111111
221.0,1267,11.111111
222.0,1058,10.0
223.0,1155,16.666666
224.0,1206,9.090909
225.0,1312,9.090909
226.0,2441,9.090909
227.0,1652,9.090909
228.0,15,8.333333
229.0,1505,9.090909
230.0,1608,28.571428000000004
231.0,1398,9.090909
232.0,1698,9.090909
233.0,1601,9.090909
234.0,27,43.561403399999996
235.0,1146,9.090909
236.0,1538,16.666666
237.0,1319,36.363636
238.0,912,16.666666
240.0,711,27.272727000000003
241.0,1174,8.333333
242.0,922,8.333333
243.0,919,8.333333
244.0,1051,15.384615
245.0,939,5.555555
246.0,2095,7.142857000000001
247.0,1099,8.333333
248.0,717,18.181818
249.0,1386,18.181818
250.0,1245,14.285714000000002
251.0,683,46.9586978
252.0,1982,2.083333
253.0,811,5.882352
254.0,1927,2.272727
255.0,1156,7.6923070000000004
256.0,693,21.428570999999998
257.0,589,33.333333
258.0,634,36.363636
259.0,490,27.272727000000003
260.0,1136,23.076923
261.0,975,9.090909
262.0,880,9.090909
263.0,745,9.090909
264.0,1024,9.090909
265.0,355,66.666666
266.0,883,50.0
267.0,1013,16.666666
268.0,735,25.0
269.0,739,8.333333
270.0,544,25.0
271.0,918,25.0
272.0,935,8.333333
273.0,771,16.666666
274.0,616,33.333333
275.0,883,18.181818
276.0,319,15.384615
277.0,1390,9.090909
278.0,633,27.272727000000003
279.0,1047,10.0
280.0,965,18.181818
281.0,821,16.666666
282.0,783,8.333333
283.0,1302,8.333333
284.0,559,36.363636
285.0,1123,8.333333
286.0,1987,12.5
287.0,721,10.526314999999999
288.0,1163,12.826086800000013
289.0,2165,10.0
290.0,983,12.5
291.0,1071,23.809523000000002
292.0,789,5.555555
293.0,1864,9.090909
294.0,2156,9.090909
295.0,1039,9.090909
296.0,2229,8.333333
297.0,1119,5.555555
298.0,2324,3.703703
299.0,1214,1.136363
300.0,1019,2.6315779999999998
301.0,1987,7.142857000000001
302.0,1636,5.555555
303.0,1579,7.692307
304.0,1692,7.692307
305.0,705,6.666666
306.0,979,8.695652
307.0,1827,7.692307
308.0,1319,9.090909
309.0,1705,17.673201800000005
310.0,622,9.090909
311.0,801,14.285714000000002
312.0,1520,20.0
313.0,60,28.55731200000002
314.0,644,41.84210479999999
315.0,150,182.42424160000002
316.0,441,18.181818
317.0,1117,13.333332999999998
318.0,958,9.090909
319.0,1166,7.142857000000001
320.0,1307,16.666666
321.0,1036,7.142857000000001
322.0,1549,10.0
323.0,990,25.0
324.0,331,36.0
325.0,1165,23.16742060000002
326.0,280,41.17647000000001
327.0,710,25.0
328.0,1069,9.090909
329.0,762,14.285714000000002
330.0,985,14.285714000000002
331.0,1141,9.090909
332.0,820,9.090909
333.0,1859,14.285714000000002
334.0,1232,10.0
335.0,564,38.14376680000001
336.0,1187,9.090909
337.0,418,4.166666
338.0,755,8.333333
339.0,927,2.369877800000004
340.0,915,25.0
341.0,885,29.05913960000001
342.0,1500,1.265822
343.0,812,5.555555
344.0,1209,5.882352
345.0,1464,8.333333
346.0,800,25.0
347.0,2495,1.481481
349.0,254,7.142857000000001
350.0,642,4.0
351.0,1066,16.666666
352.0,1,40.763052
354.0,2,281.798201
355.0,26,87.13692900000001
356.0,1423,66.666666
357.0,1634,8.0
358.0,1955,7.142857000000001
359.0,1279,7.692307
360.0,1556,7.6923070000000004
361.0,1641,8.333333
362.0,1447,11.111111
363.0,734,7.142857000000001
364.0,652,6.850574000000016
365.0,261,44.444444
366.0,854,16.666666
367.0,1569,8.333333
368.0,1465,1.1235950000000001
369.0,1507,5.555555
370.0,1293,7.6923070000000004
371.0,1069,6.666666
372.0,620,136.66666640000076
373.0,891,9.090909
374.0,296,150.0
375.0,353,200.0
376.0,1120,50.0
377.0,635,125.0
378.0,534,45.88691140000002
379.0,710,30.76923
380.0,73,134.105263
381.0,1435,11.111111
382.0,760,12.5
383.0,695,7.142857000000001
384.0,1498,4.347826
385.0,966,4.347826
386.0,1053,4.347826
387.0,1229,4.545454
388.0,2106,4.545454
389.0,1412,6.666666
390.0,712,18.98809520000002
391.0,689,46.05647499999999
392.0,165,180.00000000000043
393.0,723,17.688751600000028
394.0,1210,10.0
395.0,246,137.5
397.0,532,100.0
398.0,256,75.0
399.0,9,83.5555552
400.0,601,60.0
401.0,23,74.24644020000005
402.0,10,42.0
404.0,362,16.666666
405.0,1,0.011422
406.0,4,176.96766960000002
407.0,1,4.549763
408.0,1,0.08244
409.0,12,5.555555
410.0,289,70.0
411.0,4,68.3018232
412.0,404,1270.0000000000018
413.0,1013,250.0
414.0,738,7.142857000000001
415.0,584,33.333333
416.0,1425,60.0
418.0,97,30.76923
419.0,668,7.6923070000000004
420.0,741,9.090909
421.0,86,8.333333
422.0,745,150.0
423.0,916,16.666666
424.0,1393,9.090909
425.0,526,23.076923
426.0,530,40.0
427.0,62,33.640025
428.0,23,104.05660360000002
429.0,7,7.487178800000001
430.0,2,3.7601760000000004
431.0,10,6.7391304000000005
432.0,43,37.5
433.0,622,29.882352800000007
434.0,29,11.111111
435.0,470,33.333333
436.0,1167,14.285714000000002
437.0,980,12.5
438.0,1220,25.0
439.0,716,14.285714000000002
440.0,759,41.372548399999985
441.0,810,200.0
442.0,1061,8.333333
443.0,903,12.826086800000013
444.0,1449,14.285714000000002
445.0,923,16.428570800000013
446.0,1025,69.12698400000001
447.0,927,14.285714000000002
448.0,588,274.0909088000001
449.0,831,83.333333
450.0,813,28.571428000000004
451.0,1597,13.333332999999998
452.0,964,9.714285400000044
453.0,1955,7.6923070000000004
454.0,1387,5.555555
455.0,938,5.555555
456.0,1248,50.0
457.0,1350,7.6923070000000004
458.0,1033,7.142857000000001
459.0,2010,10.0
460.0,588,10.0
461.0,1398,9.090909
462.0,1368,11.764705000000001
463.0,967,11.111111
464.0,1313,15.230769000000052
465.0,1514,10.0
466.0,1377,8.333333
467.0,700,25.0
468.0,961,18.75
469.0,805,100.0
470.0,1597,11.764705000000001
471.0,816,100.0
472.0,637,133.333333
473.0,762,37.5
474.0,881,14.285714000000002
475.0,1085,8.333333
476.0,1926,7.142857000000001
477.0,1805,25.0
478.0,471,33.333333
479.0,1905,8.333333
480.0,1113,7.142857000000001
481.0,1483,7.692307000000001
482.0,1437,7.142857000000001
483.0,1203,66.666666
484.0,1729,14.285714000000002
485.0,1694,66.666666
486.0,823,11.764705000000001
487.0,908,66.666666
488.0,2074,16.666666
489.0,2036,7.6923070000000004
490.0,1268,7.6923070000000004
491.0,878,13.333332999999998
492.0,1599,7.692307
493.0,1903,4.347826
494.0,1946,4.0
495.0,1924,3.571428
496.0,922,2.688477200000005
497.0,2130,4.347826
498.0,1375,5.263157
499.0,2318,7.692307000000001
500.0,1252,7.6923070000000004
501.0,1358,7.142857000000001
502.0,1007,14.285714000000002
503.0,1009,72.85714260000032
504.0,902,100.0
505.0,1509,14.285714000000002
506.0,981,50.0
507.0,1639,25.0
508.0,586,26.666665999999996
509.0,679,20.0
510.0,955,4.166666
511.0,1867,9.090909
512.0,1370,5.263157
513.0,995,5.555555
514.0,2410,7.142857000000001
515.0,1918,7.142857000000001
516.0,1318,7.142857000000001
517.0,1651,7.6923070000000004
518.0,1675,7.142857000000001
519.0,2361,40.0
520.0,1311,7.142857000000001
521.0,1265,20.0
522.0,1730,7.6923070000000004
523.0,2331,8.333333
524.0,1901,7.142857000000001
525.0,1589,7.142857000000001
526.0,2285,7.692307
527.0,2432,10.526314999999997
528.0,1540,9.124579000000008
529.0,1006,10.0
530.0,1160,33.333333
531.0,938,100.0
532.0,633,150.0
533.0,1030,23.809523
534.0,1245,13.891625200000023
535.0,1213,20.0
536.0,671,23.076923
537.0,474,239.99999980000058
538.0,621,300.0
539.0,123,13.83458600000001
540.0,986,20.0
541.0,1605,9.090909
542.0,569,14.285714000000002
543.0,673,36.363636
544.0,1157,20.0
545.0,561,23.076923
546.0,769,97.2727270000004
547.0,1142,20.0
548.0,1723,20.0
549.0,618,62.115384400000025
550.0,902,14.285714000000002
551.0,917,83.333333
552.0,518,28.571428000000004
553.0,708,16.666666
554.0,705,20.0
555.0,836,42.857141999999996
556.0,104,73.333333
557.0,140,166.666666
558.0,362,138.461538
559.0,1375,12.5
560.0,667,25.0
561.0,507,30.76923
562.0,674,25.0
563.0,821,350.0
564.0,1178,25.0
565.0,520,200.0
566.0,1218,100.0
567.0,519,37.5
568.0,1426,66.666666
569.0,879,66.666666
570.0,533,9.090909
571.0,820,8.333333
572.0,869,9.090909
573.0,1024,7.692307
574.0,581,200.0
575.0,962,7.142857000000001
576.0,1111,7.6923070000000004
577.0,1047,12.5
578.0,978,150.0
579.0,321,33.333333
580.0,289,40.0
581.0,580,9.090909
582.0,919,66.666666
583.0,1114,10.0
584.0,723,8.333333
585.0,886,8.333333
586.0,1097,9.090909
587.0,327,8.333333
588.0,937,8.333333
589.0,937,18.181818
590.0,598,12.5
591.0,1114,20.0
592.0,723,33.333333
593.0,503,20.0
594.0,1064,100.0
595.0,509,200.0
596.0,575,66.666666
597.0,491,12.5
598.0,1573,28.571428000000004
599.0,1283,20.0
600.0,1196,8.333333
601.0,1563,28.571428000000004
602.0,15,115.4841266
603.0,5,64.10361259999999
604.0,111,14.285714000000002
605.0,1772,100.0
606.0,990,14.285714000000002
607.0,1047,200.0
608.0,111,25.0
609.0,1487,9.090909
610.0,484,33.333333
611.0,1437,9.43722899999998
612.0,741,250.0
613.0,821,7.6923070000000004
614.0,1288,8.333333
615.0,1162,7.6923070000000004
616.0,968,100.0
617.0,782,7.6923070000000004
618.0,740,7.142857000000001
619.0,1527,11.111111
620.0,989,12.5
621.0,991,14.285714000000002
622.0,1375,7.6923070000000004
623.0,1766,25.0
624.0,868,7.142857000000001
625.0,1246,8.333333
626.0,1292,7.6923070000000004
627.0,1329,12.5
628.0,1393,7.142857000000001
629.0,1470,5.882352
630.0,1765,9.090909
631.0,1040,12.5
632.0,1154,66.666666
633.0,1737,11.764705000000001
634.0,1026,24.786324
635.0,894,9.090909
636.0,1230,9.090909
637.0,1480,5.0
638.0,1149,9.090909
639.0,1017,9.090909
640.0,831,11.111111
641.0,850,8.333333
642.0,936,20.0
643.0,997,7.142857000000001
644.0,1076,7.6923070000000004
645.0,1212,7.142857000000001
646.0,886,7.6923070000000004
647.0,1285,5.263157
648.0,1714,10.0
649.0,1072,9.090909
650.0,1334,14.285714000000002
651.0,1501,33.333333
652.0,1280,9.090909
653.0,2756,9.090909
654.0,3562,33.333333
655.0,3642,9.090909
656.0,1823,12.5
657.0,1258,11.111111
658.0,1279,7.692307
659.0,911,20.0
660.0,1005,7.142857000000001
661.0,1708,9.090909
662.0,1347,7.6923070000000004
663.0,1005,7.142857000000001
664.0,1759,18.181818
665.0,2026,9.090909
666.0,471,8.333333
667.0,783,58.82352900000001
668.0,1680,66.666666
669.0,1220,15.384615
670.0,1764,10.210526000000048
671.0,646,14.285714000000002
672.0,1022,15.384615
673.0,1222,66.06060540000021
674.0,1796,7.142857000000001
675.0,1559,7.142857000000001
676.0,1499,16.266666400000062
677.0,716,14.285714000000002
678.0,932,7.142857000000001
679.0,1113,50.0
680.0,2017,7.692307
681.0,1067,8.333333
682.0,1768,7.142857000000001
683.0,1339,7.142857000000001
684.0,2051,7.6923070000000004
685.0,1145,12.5
686.0,1155,16.666666
687.0,849,33.333333
688.0,2023,14.285714000000002
689.0,1432,5.555555
690.0,1906,6.666666
691.0,1025,5.0
692.0,996,20.0
693.0,1356,7.142857000000001
694.0,1715,6.666666
695.0,2562,7.142857000000001
696.0,1704,20.0
697.0,301,2.1233726
698.0,2147,6.666666000000001
699.0,1495,6.666666
700.0,2082,22.222222
701.0,1736,10.0
702.0,1880,16.666666
703.0,1143,7.142857000000001
704.0,1106,5.263157
705.0,2496,8.333333
706.0,302,2.34375
707.0,1122,20.0
708.0,1970,12.5
709.0,1172,11.111111
710.0,1382,11.111111
711.0,2449,7.142857000000001
712.0,945,1.9764704000000035
713.0,1153,1.086956
714.0,29,11.016548199999999
715.0,2020,11.111111
716.0,1310,7.142857000000001
717.0,1667,8.333333
718.0,1822,9.523809
719.0,1391,21.568627
720.0,1311,7.142857000000001
721.0,1485,11.111111
722.0,2109,9.090909
723.0,1360,9.090909
724.0,1711,12.5
725.0,1375,4.545454
726.0,2602,7.142857000000001
727.0,1028,7.142857000000001
728.0,2272,7.142857000000001
729.0,2023,27.272727000000003
730.0,1153,25.0
731.0,367,12.5
732.0,1461,11.111111
733.0,1775,6.666666
734.0,2214,6.666666
735.0,1218,5.263157
736.0,2224,16.666666
737.0,1532,7.142857000000001
738.0,1712,11.111111
739.0,785,23.16742060000002
740.0,1203,11.111111
741.0,1379,5.882352
742.0,1570,50.0
743.0,2481,14.285714000000002
744.0,1110,10.526314999999999
745.0,1150,20.0
746.0,2425,5.0
747.0,1194,4.0
748.0,1226,7.142857000000001
749.0,1039,12.5
750.0,135,25.0
751.0,23,100.0
752.0,35,20.29303940000001
753.0,1443,6.666666
754.0,822,7.142857000000001
755.0,2593,16.666666
756.0,2095,7.142857000000001
757.0,797,9.090909
758.0,1339,14.285714000000002
759.0,1803,7.692307000000001
760.0,1588,8.333333
761.0,1318,18.181818
762.0,621,12.5
763.0,730,50.0
764.0,1615,7.6923070000000004
765.0,943,8.333333
766.0,850,6.25
767.0,1926,17.647057999999998
768.0,1877,9.090909
769.0,429,112.5
770.0,1712,12.5
771.0,2230,7.142857000000001
772.0,1006,9.090909
773.0,1202,12.5
774.0,1089,16.666666
775.0,2083,7.142857000000001
776.0,1504,27.272727000000003
777.0,110,60.0
778.0,1039,50.0
779.0,1503,11.764705
780.0,1028,6.25
781.0,1259,9.090909
782.0,1873,14.285714000000002
783.0,440,9.090909
784.0,1605,7.6923070000000004
785.0,1526,13.333332999999998
786.0,1339,7.692307
787.0,1806,16.666666
788.0,1641,11.111110999999998
789.0,1262,14.285714000000002
790.0,1852,9.090909
791.0,813,33.333333
792.0,888,7.142857000000001
793.0,1213,25.0
794.0,875,10.0
795.0,531,12.5
796.0,1585,11.111111
797.0,1417,10.0
798.0,594,15.276879600000006
799.0,977,14.285714000000002
800.0,1124,7.6923070000000004
801.0,2007,15.384615
802.0,1187,15.384615
803.0,331,20.0
804.0,896,9.090909
805.0,1880,9.090909
806.0,1822,12.5
807.0,789,9.090909
808.0,924,8.333333
809.0,527,7.692307
810.0,2265,33.333333
811.0,1324,16.666666
812.0,862,9.090909
813.0,640,9.090909
814.0,953,9.090909
815.0,437,16.857142
816.0,615,9.090909
817.0,506,21.552126800000014
818.0,1208,11.111111
819.0,406,12.5
820.0,2518,8.695652
821.0,1138,6.666666
822.0,858,8.333333
823.0,1889,14.285714000000002
824.0,541,12.5
825.0,1027,11.111111
826.0,414,15.384615
827.0,636,9.090909
828.0,1233,33.333333
829.0,742,18.181818
830.0,1089,9.090909
831.0,312,19.384615200000013
832.0,1359,9.090909
833.0,1417,8.333333
834.0,1683,9.090909
835.0,1576,9.090909
836.0,1127,8.333333
837.0,1450,14.285714000000002
838.0,739,16.666666
839.0,595,50.0
840.0,1252,11.056910200000003
841.0,884,14.285714000000002
842.0,642,9.090909
843.0,1415,8.333333
844.0,2222,20.0
845.0,1976,10.0
846.0,1648,10.0
847.0,416,23.076923
848.0,507,18.75
849.0,1295,8.333333
850.0,1365,7.142857000000001
851.0,803,7.6923070000000004
852.0,1914,8.333333
853.0,1552,10.0
854.0,488,22.727272
855.0,812,17.413043200000004
856.0,1537,14.285714000000002
857.0,712,20.0
858.0,1411,8.333333
859.0,1304,8.333333
860.0,1213,18.181818
861.0,2255,8.333333
862.0,1264,14.285714000000002
863.0,1026,10.0
864.0,881,34.782608
865.0,1353,9.090909
866.0,1450,7.142857000000001
867.0,843,10.0
868.0,1243,10.0
869.0,932,13.333332999999998
870.0,1290,16.666666
871.0,964,26.666665999999996
872.0,2000,9.090909
873.0,1240,10.0
875.0,967,11.111111
876.0,595,11.111111
877.0,787,12.5
878.0,1198,18.181818
879.0,929,20.0
880.0,679,22.222222
881.0,877,16.666666
882.0,823,14.285714000000002
883.0,1208,7.6923070000000004
884.0,1379,7.142857000000001
885.0,2113,8.333333
886.0,1585,10.0
887.0,1014,11.111111
888.0,979,22.222222
889.0,918,22.222222
890.0,1259,18.181818
891.0,996,22.222222
892.0,864,22.222222
893.0,672,20.0
894.0,626,25.0
895.0,875,37.5
896.0,499,53.846153
897.0,612,28.571428000000004
898.0,665,28.571428000000004
899.0,1709,16.666666
900.0,1286,22.222222
901.0,1173,16.666666
902.0,717,12.5
903.0,1636,12.5
904.0,1434,20.0
905.0,1508,20.0
906.0,1258,25.0
907.0,1009,11.111111
908.0,1064,16.666666
909.0,1227,14.285714000000002
910.0,1885,11.111111
911.0,961,8.333333
912.0,1908,7.142857000000001
913.0,2514,7.142857000000001
914.0,2203,7.142857000000001
915.0,1308,11.111111
916.0,1259,10.0
917.0,1730,11.111111
918.0,2154,8.333333
919.0,716,6.666666
920.0,842,8.333333
921.0,728,15.384615
922.0,1361,20.0
923.0,1403,23.697478200000038
924.0,1007,25.0
925.0,825,33.333333
926.0,580,100.0
927.0,373,36.363636
928.0,530,33.333333
929.0,716,23.529411
930.0,512,22.222222
931.0,649,25.0
932.0,804,24.117646600000135
933.0,1048,33.333333
934.0,757,50.0
935.0,584,33.333333
936.0,572,30.76923
937.0,1114,14.285714000000002
938.0,1588,9.090909
939.0,826,30.0
940.0,520,52.771929000000036
941.0,334,87.25806440000001
942.0,257,112.5
943.0,992,35.714285
944.0,322,100.0
945.0,94,228.8
946.0,185,166.666666
947.0,290,107.692307
948.0,953,25.0
949.0,1245,12.5
950.0,1226,20.0
951.0,1743,18.75
952.0,1799,40.0
953.0,1191,40.0
954.0,587,33.333333
955.0,379,38.729096400000024
956.0,1028,25.0
957.0,495,9.090909
958.0,491,10.0
959.0,1016,22.222222
960.0,930,30.0
961.0,330,41.90476119999998
962.0,273,40.0
963.0,842,20.0
964.0,1,11.795233999999999
965.0,196,57.14285699999999
966.0,14,56.658536
967.0,19,184.1176466
968.0,43,632.8695652000001
969.0,67,226.262626
970.0,96,457.14285700000005
971.0,34,243.15151480000003
972.0,562,57.14285699999999
973.0,340,62.5
974.0,842,52.631578000000005
975.0,736,30.76923
976.0,613,44.444444
977.0,1428,33.333333
978.0,737,44.444444
979.0,214,166.2121204
980.0,260,28.571428000000004
981.0,62,100.0
982.0,189,36.363636
983.0,393,33.333333
984.0,99,30.47619000000003
985.0,101,106.86274499999999
986.0,350,42.857141999999996
987.0,403,40.0
988.0,530,50.0
989.0,338,50.0
990.0,510,43.49206280000005
991.0,467,138.461538
992.0,655,27.272727000000003
993.0,906,33.333333
994.0,516,25.0
995.0,593,33.333333
996.0,1028,25.0
997.0,490,25.0
998.0,1360,22.222222
999.0,708,16.666666
1000.0,1018,25.0
1001.0,914,25.0
1002.0,348,33.333333
1003.0,376,27.272727000000003
1004.0,1080,12.5
1005.0,1395,20.0
1006.0,644,25.0
1007.0,301,36.363636
1008.0,151,107.142857
1009.0,420,60.0
1010.0,575,28.571428000000004
1011.0,514,33.333333
1012.0,1021,25.0
1013.0,1038,22.222222
1014.0,257,33.333333
1015.0,501,28.571428000000004
1016.0,942,25.0
1017.0,962,30.0
1018.0,153,242.3076918000002
1019.0,13,25.0
1020.0,410,45.59440520000003
1021.0,387,57.14285699999999
1022.0,712,25.0
1023.0,850,20.0
1024.0,645,25.0
1025.0,1284,17.493605600000024
1026.0,675,14.285714000000002
1027.0,626,28.571428000000004
1028.0,1572,10.0
1029.0,1485,10.0
1030.0,867,9.090909
1031.0,1507,9.090909
1032.0,595,11.111111
1033.0,1518,12.5
1034.0,1127,14.285714000000002
1035.0,766,14.285714000000002
1036.0,672,18.181818
1037.0,684,18.181818
1039.0,827,22.222222
1040.0,232,41.17647
1041.0,564,16.666666
1042.0,744,11.111111
1043.0,1042,10.0
1044.0,983,11.111111
1045.0,1040,7.142857000000001
1046.0,900,8.333333
1047.0,741,12.5
1048.0,770,14.285714000000002
1049.0,1527,16.666666
1050.0,1358,14.285714000000002
1051.0,595,16.666666
1052.0,561,9.090909
1053.0,1609,10.0
1054.0,1018,10.0
1055.0,1594,12.5
1056.0,1254,14.285714000000002
1057.0,732,28.571428000000004
1058.0,1454,14.285714000000002
1059.0,786,16.666666
1060.0,1419,16.666666
1061.0,869,28.571428000000004
1062.0,938,16.666666
1063.0,1122,33.333333
1064.0,824,11.111111
1065.0,2031,12.5
1066.0,563,28.571428000000004
1067.0,1588,14.285714000000002
1068.0,1062,16.666666
1069.0,1786,16.666666
1070.0,1068,11.111111
1071.0,1099,14.285714000000002
1072.0,1080,20.0
1073.0,1182,8.333333
1074.0,1971,10.0
1075.0,668,10.0
1076.0,1140,11.111111
1077.0,1297,9.090909
1078.0,1193,7.142857000000001
1079.0,3206,6.25
1080.0,1623,7.142857000000001
1081.0,1131,8.333333
1082.0,1335,11.799823600000009
1083.0,3730,16.666666
1084.0,2077,6.666666000000001
1085.0,1385,7.142857000000001
1086.0,2065,11.764705
1087.0,1488,7.692307000000001
1088.0,1177,7.142857000000001
1089.0,1342,13.333332999999996
1090.0,904,17.058822800000087
1091.0,984,11.111111
1092.0,132,50.0
1093.0,607,20.0
1094.0,2463,11.111111
1095.0,1089,8.333333
1096.0,2381,11.111111
1097.0,1050,10.0
1098.0,1930,10.0
1099.0,2213,5.555555
1100.0,2536,8.0
1101.0,1285,4.347826
1102.0,307,5.0
1103.0,2542,6.25
1104.0,1293,8.333333
1105.0,434,7.692307000000001
1106.0,1242,10.0
1107.0,1052,7.6923070000000004
1108.0,1825,5.882352
1109.0,2396,6.666666
1110.0,1880,7.142857000000001
1111.0,1988,7.692307000000001
1112.0,1887,7.692307
1113.0,146,120.689655
1114.0,194,45.324675
1115.0,181,14.705882
1116.0,1196,7.142857000000001
1117.0,957,4.347826
1118.0,1490,9.090909
1119.0,1973,8.695652
1120.0,1262,8.333333
1121.0,1439,20.0
1122.0,1016,12.5
1123.0,1022,13.333332999999998
1124.0,1928,7.142857000000001
1125.0,1550,5.882352
1126.0,2186,9.090909
1127.0,2060,6.666666
1128.0,1419,6.25
1129.0,1701,5.555555
1130.0,1275,5.555555
1131.0,2077,4.166666
1132.0,1649,3.125
1133.0,2417,5.882352
1134.0,1428,6.666666
1135.0,1002,20.0
1136.0,470,16.666666
1137.0,1236,4.761904
1138.0,1916,5.263157
1139.0,1215,5.321636600000013
1140.0,1056,4.347826
1141.0,1945,5.555555
1142.0,1326,4.166666
1143.0,1178,9.090909
1144.0,1105,3.571428
1145.0,351,50.0
1146.0,63,100.0
1147.0,1890,4.545454
1148.0,195,36.5386298
1149.0,1408,4.761904
1150.0,1310,5.555555
1151.0,2043,4.166666
1152.0,1534,6.995073400000023
1153.0,1449,2.777777
1154.0,2348,2.702702
1155.0,728,4.545454
1156.0,1273,3.333333
1157.0,830,9.090909
1158.0,1623,3.846153
1159.0,727,2.941176
1160.0,1687,4.347826
1161.0,3206,3.703703
1162.0,315,3.225806
1163.0,1255,5.882352
1164.0,2087,2.564102
1165.0,2464,3.030303
1166.0,3794,7.142857000000001
1167.0,3825,11.111111
1168.0,1925,12.5
1169.0,1791,7.6923070000000004
1170.0,1499,14.285714000000002
1171.0,2563,8.333333
1172.0,1561,6.25
1173.0,1381,6.25
1174.0,1546,7.6923070000000004
1175.0,2588,11.111111
1176.0,10255,10.0
1177.0,6822,7.692307
1178.0,12176,8.333333
1179.0,4749,10.526314999999999
1180.0,3834,10.0
1181.0,1624,8.333333
1182.0,2962,7.635327000000052
1183.0,931,8.333333
1184.0,1376,7.6923070000000004
1185.0,4689,7.692307
1186.0,5162,8.333333
1187.0,2328,7.692307000000001
1188.0,2211,8.333333
1189.0,1236,16.666666
1190.0,332,50.0
1191.0,1325,9.090909
1192.0,1344,7.142857000000001
1193.0,1405,14.285714000000002
1194.0,1260,7.142857000000001
1195.0,4892,7.142857000000001
1196.0,2040,6.666666
1197.0,590,7.6923070000000004
1198.0,849,11.764705000000001
1199.0,1387,11.111111
1200.0,2367,8.26666640000006
1201.0,1295,7.142857000000001
1202.0,614,8.333333
1203.0,1261,11.111111
1204.0,507,8.333333
1205.0,817,16.666666
1206.0,1377,12.5
1207.0,1329,9.090909
1208.0,1280,10.0
1209.0,1077,14.285714000000002
1210.0,1400,9.090909
1211.0,1333,17.33133400000002
1212.0,1346,29.411764
1213.0,938,7.6923070000000004
1214.0,1167,25.0
1215.0,1624,10.0
1216.0,1193,11.111111
1217.0,1596,5.263157
1218.0,1470,12.5
1219.0,1070,6.666666
1220.0,2787,11.111110999999998
1221.0,1558,7.692307000000001
1222.0,446,16.666666
1223.0,663,15.23076900000001
1224.0,277,100.0
1225.0,711,22.222222
1226.0,951,14.285714000000002
1227.0,1191,9.090909
1228.0,765,7.6923070000000004
1229.0,1113,11.111111
1230.0,2052,7.142857000000001
1231.0,1121,8.333333
1232.0,976,12.5
1233.0,1189,7.142857000000001
1234.0,949,20.0
1235.0,601,23.076923
1236.0,978,18.181818
1237.0,922,100.0
1238.0,319,11.111111
1239.0,876,7.6923070000000004
1240.0,1544,7.692307
1241.0,204,25.0
1242.0,1804,7.692307
1243.0,1348,50.0
1244.0,1708,8.333333
1245.0,1650,7.6923070000000004
1246.0,3224,11.111111
1247.0,3404,9.090909
1248.0,3260,11.111111
1249.0,1422,9.523809
1250.0,1225,8.333333
1251.0,1963,10.0
1252.0,2,0.9881074
1253.0,1236,7.142857000000001
1254.0,1897,7.142857000000001
1255.0,1189,7.692307
1256.0,1041,7.142857000000001
1257.0,1955,33.333333
1258.0,898,33.333333
1259.0,1029,7.692307
1260.0,652,9.090909
1261.0,1233,12.5
1262.0,348,27.777777
1263.0,642,8.333333
1264.0,787,15.457875000000005
1265.0,736,20.0
1266.0,1275,8.333333
1267.0,1192,7.142857000000001
1268.0,3350,8.0
1269.0,2714,10.526314999999999
1270.0,4999,10.0
1271.0,4407,8.333333
1273.0,1108,11.503267400000016
1274.0,1409,7.692307
1275.0,900,9.090909
1276.0,866,7.142857000000001
1277.0,1866,7.6923070000000004
1278.0,1080,7.142857000000001
1279.0,1459,7.692307
1280.0,3703,8.333333
1281.0,1034,16.767168400000024
1282.0,3858,7.6923070000000004
1283.0,1380,8.333333
1284.0,1787,9.090909
1285.0,1828,5.555555
1286.0,1586,0.380228
1287.0,338,1.042971
1288.0,3292,6.666666000000001
1289.0,1811,11.111111
1290.0,4298,9.090909
1291.0,2164,9.090909
1292.0,2890,7.142857000000001
1293.0,1625,50.0
1294.0,2,290.0224466
1295.0,1977,10.0
1296.0,1379,7.692307
1297.0,1806,20.0
1298.0,465,25.0
1299.0,571,18.181818
1300.0,581,8.333333
1301.0,954,11.764705000000001
1302.0,1827,9.090909
1303.0,1165,5.555555
1304.0,1926,7.142857000000001
1305.0,1122,14.285714000000002
1306.0,2979,13.333332999999998
1307.0,2049,8.333333
1308.0,1576,5.882352
1309.0,1248,7.142857000000001
1310.0,724,33.333333
1311.0,3180,5.291606600000038
1312.0,784,4.0
1313.0,1356,3.2896170000000025
1314.0,1772,11.111110999999998
1315.0,797,2.5
1316.0,565,1.2690678000000009
1317.0,1176,12.5
1318.0,1970,4.785132800000006
1319.0,2300,11.764705
1320.0,1843,11.764705000000001
1321.0,1843,9.523809
1322.0,1928,7.142857000000001
1323.0,2761,14.285714000000002
1324.0,871,1.851851
1325.0,2110,11.111111
1326.0,1704,7.142857000000001
1327.0,1546,10.0
1328.0,1126,1.612903
1329.0,1060,2.5
1330.0,1193,8.333333
1331.0,1214,15.384615
1332.0,1330,20.0
1333.0,1144,7.142857000000001
1334.0,1528,7.142857000000001
1335.0,1958,7.692307000000001
1336.0,4033,15.23076900000014
1337.0,1262,3.571428
1338.0,904,17.77924600000003
1339.0,1599,12.5
1340.0,1514,11.111111
1341.0,1454,15.384615
1342.0,981,20.0
1343.0,983,14.285714000000002
1344.0,852,50.0
1345.0,772,50.0
1346.0,1015,9.523809
1347.0,1538,11.111111
1348.0,927,27.272727000000003
1349.0,1564,16.666666
1350.0,1686,13.333332999999998
1351.0,1269,7.142857000000001
1352.0,1432,5.263157
1353.0,3057,11.111110999999998
1354.0,3128,5.882352
1355.0,1022,12.5
1356.0,1586,18.75
1357.0,1037,13.333332999999998
1358.0,1586,10.81081
1359.0,1963,7.142857000000001
1360.0,786,13.333332999999998
1361.0,313,33.333333
1362.0,991,16.666666
1363.0,587,14.285714000000002
1364.0,1069,13.333332999999998
1365.0,1695,6.25
1366.0,3525,5.882352
1367.0,1435,7.298461400000023
1368.0,1185,9.523809
1369.0,1724,9.090909
1370.0,2611,12.5
1371.0,1409,8.333333
1372.0,1052,13.166666400000056
1373.0,799,50.0
1374.0,1197,12.5
1375.0,1771,12.5
1376.0,1265,16.666666
1377.0,878,14.285714000000002
1378.0,1491,11.111111
1379.0,971,10.0
1380.0,1823,11.111111
1381.0,2602,12.5
1382.0,2026,8.333333
1383.0,1771,2.5
1384.0,1968,9.090909
1385.0,1277,4.166666
1386.0,1199,7.692307
1387.0,1454,1.639344
1388.0,1294,1.3020962000000007
1389.0,2435,7.6923070000000004
1390.0,2631,10.0
1391.0,2273,10.0
1392.0,1760,8.0
1393.0,1681,9.090909
1394.0,2719,10.0
1395.0,2068,13.333332999999996
1396.0,3471,9.090909
1397.0,2045,10.0
1398.0,1438,9.090909
1399.0,1001,12.5
1400.0,710,2.222222
1401.0,999,4.792626000000007
1402.0,3070,8.333333
1403.0,3967,4.347826
1404.0,1108,5.555555
1405.0,966,6.666666
1406.0,703,4.545454
1407.0,1179,50.0
1408.0,1981,33.333333
1409.0,2648,10.0
1410.0,1720,100.0
1411.0,1960,31.168224200000076
1412.0,2964,13.217390999999973
1413.0,1084,25.0
1414.0,2729,5.263157
1415.0,1471,8.066666600000016
1416.0,1335,4.545454
1417.0,139,5.882352
1418.0,1733,5.263157
1419.0,1154,20.0
1420.0,2734,7.692307
1421.0,2101,14.285714000000002
1422.0,2244,6.666666
1423.0,2390,6.666666
1424.0,880,100.0
1425.0,2011,14.285714000000002
1426.0,2280,5.555555
1427.0,1819,11.111111
1428.0,1328,50.0
1429.0,1460,12.5
1430.0,1270,23.076923
1431.0,2398,11.764705000000001
1432.0,1596,11.111111
1433.0,1146,11.111111
1434.0,2231,9.090909
1435.0,908,5.0
1436.0,1650,6.25
1437.0,2188,50.0
1438.0,1828,50.0
1440.0,2255,14.285714000000002
1441.0,1870,12.5
1442.0,2175,10.0
1443.0,1495,100.0
1444.0,1124,23.348415800000012
1445.0,1748,6.25
1446.0,2189,50.0
1447.0,817,7.142857000000001
1448.0,2989,50.0
1449.0,240,45.530302600000006
1450.0,2620,10.601503000000017
1451.0,2014,8.333333
1452.0,1761,9.090909
1453.0,296,8.333333
1454.0,1640,11.111111
